osm_index,park_id,park_name,osm_id,osm_name,fclass,source_layer,geometry_type,distance_m,point_inside,area_m2,name_score,spatial_score,fclass_score,total_score,rank,score_margin
1569,7,진관근린공원(구파발폭포),545681599,마고정근린공원,park,landuse,Polygon,414.7,False,4536.03,40.0,60,30,130.0,1,18.82
3341,7,진관근린공원(구파발폭포),1187795592,탑골생태공원,park,landuse,Polygon,427.69,False,18024.66,21.18,60,30,111.18,2,18.82
1571,7,진관근린공원(구파발폭포),545767590,신도 근린 공원,park,landuse,Polygon,1009.92,False,8799.4,42.35,10,30,82.35,3,18.82
1570,7,진관근린공원(구파발폭포),545685206,금암문화공원,park,landuse,Polygon,768.18,False,5956.12,21.18,30,30,81.18,4,18.82
1582,7,진관근린공원(구파발폭포),545859939,기자촌1구역근린공원,park,landuse,Polygon,1237.55,False,42570.13,34.29,10,30,74.29,5,18.82
1583,7,진관근린공원(구파발폭포),545862611,기자촌2구역근린공원,park,landuse,Polygon,1257.41,False,42446.56,34.29,10,30,74.29,6,18.82
626,7,진관근린공원(구파발폭포),462633576,박석어린이 공원,park,landuse,Polygon,1300.0,False,793.65,30.0,10,30,70.0,7,18.82
3459,7,진관근린공원(구파발폭포),1277706982,지축마루어린이공원,park,landuse,Polygon,1023.31,False,1343.13,27.0,10,30,67.0,8,18.82
598,7,진관근린공원(구파발폭포),445144708,갈곡리 공원,park,landuse,Polygon,1434.96,False,1291.29,22.5,10,30,62.5,9,18.82
1872,7,진관근린공원(구파발폭포),634086096,연신어린이공원,park,landuse,Polygon,1957.97,False,1320.34,30.0,0,30,60.0,10,18.82
221,28,개웅산근린공원,250367011,개웅어린이공원,park,landuse,Polygon,388.27,False,1906.38,100.0,60,30,190.0,1,78.57
220,28,개웅산근린공원,250367008,너부대근린공원,park,landuse,Polygon,893.81,False,30906.89,51.43,30,30,111.43,2,78.57
859,28,개웅산근린공원,468987808,,park,landuse,Polygon,145.74,False,428.47,0.0,80,30,110.0,3,78.57
858,28,개웅산근린공원,468987805,,park,landuse,Polygon,235.03,False,311.97,0.0,80,30,110.0,4,78.57
860,28,개웅산근린공원,468997228,연지근린공원,park,landuse,Polygon,1328.7,False,53170.61,55.38,10,30,95.38,5,78.57
2222,28,개웅산근린공원,742756292,천왕 근린공원,park,landuse,Polygon,1463.32,False,35306.61,55.38,10,30,95.38,6,78.57
243,28,개웅산근린공원,262789356,현충근린공원,park,landuse,Polygon,1485.78,False,26788.02,55.38,10,30,95.38,7,78.57
1188,28,개웅산근린공원,472157256,다솜공원,park,landuse,Polygon,854.17,False,721.51,32.73,30,30,92.73,8,78.57
874,28,개웅산근린공원,469038631,중앙공원,park,landuse,Polygon,917.21,False,4842.4,32.73,30,30,92.73,9,78.57
2678,28,개웅산근린공원,881262241,오류역 문화공원,park,landuse,Polygon,645.38,False,8004.69,25.71,30,30,85.71,10,78.57
357,45,도곡근린공원,369972508,도곡근린공원,park,landuse,Polygon,0.0,True,306009.13,150.0,120,30,300.0,1,140.0
843,45,도곡근린공원,468971649,도곡까치공원,park,landuse,Polygon,763.13,False,1826.47,100.0,30,30,160.0,2,140.0
1875,45,도곡근린공원,636207734,도곡햇살공원,park,landuse,Polygon,883.21,False,556.79,100.0,30,30,160.0,3,140.0
499,45,도곡근린공원,417923176,길섶근린공원,park,landuse,Polygon,846.65,False,1609.77,60.0,30,30,120.0,4,140.0
500,45,도곡근린공원,417923177,보은근린공원,park,landuse,Polygon,865.19,False,1988.5,60.0,30,30,120.0,5,140.0
2502,45,도곡근린공원,803204155,영동근린공원,park,landuse,Polygon,890.55,False,1930.45,60.0,30,30,120.0,6,140.0
212,45,도곡근린공원,243543811,달터근린공원,park,landuse,Polygon,915.34,False,117904.04,60.0,30,30,120.0,7,140.0
340,45,도곡근린공원,350154345,포이근린공원,park,landuse,Polygon,1049.18,False,4114.06,60.0,10,30,100.0,8,140.0
368,45,도곡근린공원,370389785,독골공원,park,landuse,Polygon,551.34,False,9648.34,36.0,30,30,96.0,9,140.0
502,45,도곡근린공원,417970393,목련공원,park,landuse,Polygon,574.57,False,2053.56,36.0,30,30,96.0,10,140.0
838,63,온수도시자연공원,468968972,온수도시자연공원,park,landuse,Polygon,1185.86,False,7079.16,150.0,10,30,190.0,1,50.0
842,63,온수도시자연공원,468970750,온수힐스테이트 공원,park,landuse,Polygon,1359.83,False,2322.69,100.0,10,30,140.0,2,50.0
3345,63,온수도시자연공원,1188029709,잣절공원,park,landuse,Polygon,261.92,False,5159.97,30.0,80,30,140.0,3,50.0
712,63,온수도시자연공원,465717153,궁동저수지 생태공원,park,landuse,Polygon,655.48,False,19154.99,31.76,30,30,91.76,4,50.0
2183,63,온수도시자연공원,725217531,우신빌라 공원,park,landuse,Polygon,895.03,False,9061.46,25.71,30,30,85.71,5,50.0
2678,63,온수도시자연공원,881262241,오류역 문화공원,park,landuse,Polygon,927.45,False,8004.69,24.0,30,30,84.0,6,50.0
2142,63,온수도시자연공원,704782047,오류동역 광장공원,park,landuse,Polygon,823.6,False,9472.96,22.5,30,30,82.5,7,50.0
1790,63,온수도시자연공원,8463740,연의생태공원,park,landuse,Polygon,1281.86,False,13512.62,38.57,10,30,78.57,8,50.0
841,63,온수도시자연공원,468970739,갈매공원,park,landuse,Polygon,1259.88,False,2174.5,30.0,10,30,70.0,9,50.0
219,63,온수도시자연공원,250171546,근린공원,park,landuse,Polygon,1346.86,False,18612.61,30.0,10,30,70.0,10,50.0
305,90,서울창포원,303964376,서울창포원,park,landuse,Polygon,0.0,True,61674.15,150.0,120,30,300.0,1,175.0
2891,90,서울창포원,986892844,다락원 체육공원,park,landuse,Polygon,148.37,False,44991.76,15.0,80,30,125.0,2,175.0
2000,90,서울창포원,667507522,수락리버시티공원,park,landuse,Polygon,377.76,False,21705.17,13.85,60,30,103.85,3,175.0
3881,90,서울창포원,723160225,서울YMCA 다락원캠프장,camp_site,pois,Polygon,924.47,False,20966.69,31.76,30,15,76.76,4,175.0
3498,90,서울창포원,1309072756,,park,landuse,Polygon,519.6,False,658.17,0.0,30,30,60.0,5,175.0
3499,90,서울창포원,1309072768,,park,landuse,Polygon,585.68,False,65.11,0.0,30,30,60.0,6,175.0
1999,90,서울창포원,667507521,수락산광장,park,landuse,Polygon,675.94,False,18744.49,0.0,30,30,60.0,7,175.0
3919,90,서울창포원,17336247,,national_park,protected_areas,Polygon,709.57,False,76757613.22,0.0,30,30,60.0,8,175.0
2171,90,서울창포원,724284515,,park,landuse,Polygon,800.4,False,61543.96,0.0,30,30,60.0,9,175.0
2723,90,서울창포원,893184368,,park,landuse,Polygon,890.42,False,550.8,0.0,30,30,60.0,10,175.0
1557,93,중랑캠핑숲,544146098,중랑캠핑숲,park,landuse,Polygon,0.0,True,189268.73,150.0,120,30,300.0,1,190.0
3020,93,중랑캠핑숲,1024426517,,park,landuse,Polygon,106.17,False,7095.69,0.0,80,30,110.0,2,190.0
2337,93,중랑캠핑숲,761537051,동원마을마당,park,landuse,Polygon,350.11,False,1235.15,0.0,60,30,90.0,3,190.0
3695,93,중랑캠핑숲,1426815985,망우리공원,park,landuse,Polygon,395.7,False,157.68,0.0,60,30,90.0,4,190.0
3350,93,중랑캠핑숲,1188981840,,park,landuse,Polygon,434.84,False,461.51,0.0,60,30,90.0,5,190.0
2309,93,중랑캠핑숲,761518431,망우리 역사문화공원,park,landuse,Polygon,542.53,False,28156.47,0.0,30,30,60.0,6,190.0
3131,93,중랑캠핑숲,1077211601,망우동어린이공원,park,landuse,Polygon,544.93,False,2531.03,0.0,30,30,60.0,7,190.0
3019,93,중랑캠핑숲,1024341127,방죽어린이공원,park,landuse,Polygon,625.19,False,779.56,0.0,30,30,60.0,8,190.0
3351,93,중랑캠핑숲,1188981841,,park,landuse,Polygon,625.99,False,1033.13,0.0,30,30,60.0,9,190.0
2336,93,중랑캠핑숲,761536642,망우역사문화공원,park,landuse,Polygon,779.98,False,1136.42,0.0,30,30,60.0,10,190.0
1375,96,금천폭포근린공원,479257410,금천폭포공원,park,landuse,Polygon,0.0,True,5076.52,130.0,120,30,280.0,1,142.31
1482,96,금천폭포근린공원,500136216,남서울공원,park,landuse,Polygon,212.28,False,1016.53,27.69,80,30,137.69,2,142.31
1399,96,금천폭포근린공원,483991364,별장길공원,park,landuse,Polygon,411.53,False,1001.99,27.69,60,30,117.69,3,142.31
1483,96,금천폭포근린공원,500642097,,park,landuse,Polygon,193.47,False,1876.31,0.0,80,30,110.0,4,142.31
1478,96,금천폭포근린공원,499416685,,park,landuse,Polygon,262.36,False,311.89,0.0,80,30,110.0,5,142.31
3036,96,금천폭포근린공원,1033794341,금빛공원,park,landuse,Polygon,607.75,False,5649.31,45.0,30,30,105.0,6,142.31
443,96,금천폭포근린공원,387149343,해오름 어린이공원,park,landuse,Polygon,953.32,False,2883.26,33.75,30,30,93.75,7,142.31
950,96,금천폭포근린공원,469634342,은행공원,park,landuse,Polygon,620.4,False,942.78,30.0,30,30,90.0,8,142.31
1604,96,금천폭포근린공원,550592718,까치공원,park,landuse,Polygon,795.01,False,839.14,30.0,30,30,90.0,9,142.31
1477,96,금천폭포근린공원,499415058,,park,landuse,Polygon,306.26,False,296.41,0.0,60,30,90.0,10,142.31
478,100,용두근린공원,416569028,용두공원,park,landuse,Polygon,0.0,True,17151.58,130.0,120,30,280.0,1,118.57
2935,100,용두근린공원,1004627322,용머리 어린이공원,park,landuse,Polygon,197.44,False,1043.99,51.43,80,30,161.43,2,118.57
2646,100,용두근린공원,868514077,용두희망어린이공원,park,landuse,Polygon,1321.84,False,1861.42,100.0,10,30,140.0,3,118.57
2811,100,용두근린공원,927483071,용답근린공원,park,landuse,Polygon,688.38,False,7315.37,75.0,30,30,135.0,4,118.57
2649,100,용두근린공원,871052114,보람어린이공원,park,landuse,Polygon,774.0,False,713.13,41.54,30,30,101.54,5,118.57
6,100,용두근린공원,40484059,간데메공원,park,landuse,Polygon,770.67,False,15542.09,32.73,30,30,92.73,6,118.57
376,100,용두근린공원,379740186,홍릉근린공원,park,landuse,Polygon,1779.02,False,36818.55,60.0,0,30,90.0,7,118.57
2421,100,용두근린공원,4160590,숭인근린공원,park,landuse,Polygon,1817.34,False,38506.28,60.0,0,30,90.0,8,118.57
549,100,용두근린공원,420064973,무학봉근린공원,park,landuse,Polygon,1524.43,False,29123.77,55.38,0,30,85.38,9,118.57
3077,100,용두근린공원,1061913782,620 역사문화공원,park,landuse,Polygon,743.48,False,2360.08,24.0,30,30,84.0,10,118.57
89,102,와우근린공원,216906544,와우근린공원,park,landuse,Polygon,0.0,True,91578.33,150.0,120,30,300.0,1,80.0
333,102,와우근린공원,343839266,와우어린이공원,park,landuse,Polygon,420.92,False,1927.23,130.0,60,30,220.0,2,80.0
2810,102,와우근린공원,923322713,신수 어린이 공원,park,landuse,Polygon,418.92,False,4416.14,41.54,60,30,131.54,3,80.0
292,102,와우근린공원,299780629,홍익문화공원,park,landuse,Polygon,469.27,False,2215.1,30.0,60,30,120.0,4,80.0
372,102,와우근린공원,372355164,,park,landuse,Polygon,238.63,False,2162.42,0.0,80,30,110.0,5,80.0
3782,102,와우근린공원,1492576676,창천근린공원,park,landuse,Polygon,1151.66,False,6038.67,60.0,10,30,100.0,6,80.0
555,102,와우근린공원,420153380,윗잔다리어린이공원,park,landuse,Polygon,642.68,False,2686.98,36.0,30,30,96.0,7,80.0
989,102,와우근린공원,469868503,밤섬공원,park,landuse,Polygon,990.42,False,1706.73,36.0,30,30,96.0,8,80.0
252,102,와우근린공원,268554113,서강나루공원,park,landuse,Polygon,709.53,False,2700.48,30.0,30,30,90.0,9,80.0
600,102,와우근린공원,445431645,창천문화공원,park,landuse,Polygon,767.89,False,2408.36,30.0,30,30,90.0,10,80.0
3828,104,달맞이근린공원,1549327101,달맞이 근린공원,park,landuse,Polygon,94.73,False,507.14,150.0,100,30,280.0,1,160.0
3175,104,달맞이근린공원,14528902,응봉산 공원,park,landuse,Polygon,451.99,False,106538.46,30.0,60,30,120.0,2,160.0
554,104,달맞이근린공원,420113464,금호근린공원,park,landuse,Polygon,607.62,False,12719.71,55.38,30,30,115.38,3,160.0
2679,104,달맞이근린공원,881821247,금동어린이공원,park,landuse,Polygon,759.48,False,2439.43,38.57,30,30,98.57,4,160.0
2661,104,달맞이근린공원,878647284,한남어린이공원,park,landuse,Polygon,936.32,False,386.13,38.57,30,30,98.57,5,160.0
3825,104,달맞이근린공원,21210487,매봉산공원,park,landuse,Polygon,849.95,False,228568.36,30.0,30,30,90.0,6,160.0
3615,104,달맞이근린공원,19165747,응봉산공원,park,landuse,MultiPolygon,924.52,False,50218.54,30.0,30,30,90.0,7,160.0
17,104,달맞이근린공원,158653405,독서당공원,park,landuse,Polygon,928.69,False,8007.62,30.0,30,30,90.0,8,160.0
351,104,달맞이근린공원,367791270,신사근린공원,park,landuse,Polygon,1804.41,False,6827.3,55.38,0,30,85.38,9,160.0
15,104,달맞이근린공원,158624121,응봉암벽등반공원,park,landuse,Polygon,981.61,False,2909.49,24.0,30,30,84.0,10,160.0
3341,111,서오능도시자연공원,1187795592,탑골생태공원,park,landuse,Polygon,34.33,False,18024.66,24.0,100,30,154.0,1,70.0
1570,111,서오능도시자연공원,545685206,금암문화공원,park,landuse,Polygon,804.34,False,5956.12,24.0,30,30,84.0,2,70.0
1569,111,서오능도시자연공원,545681599,마고정근린공원,park,landuse,Polygon,674.26,False,4536.03,22.5,30,30,82.5,3,70.0
1571,111,서오능도시자연공원,545767590,신도 근린 공원,park,landuse,Polygon,1497.04,False,8799.4,36.0,10,30,76.0,4,70.0
598,111,서오능도시자연공원,445144708,갈곡리 공원,park,landuse,Polygon,1487.41,False,1291.29,25.71,10,30,65.71,5,70.0
626,111,서오능도시자연공원,462633576,박석어린이 공원,park,landuse,Polygon,1423.94,False,793.65,22.5,10,30,62.5,6,70.0
623,111,서오능도시자연공원,461464967,서갈현 어린이 공원,park,landuse,Polygon,1751.29,False,1406.85,31.76,0,30,61.76,7,70.0
3459,111,서오능도시자연공원,1277706982,지축마루어린이공원,park,landuse,Polygon,1005.09,False,1343.13,20.0,10,30,60.0,8,70.0
3458,111,서오능도시자연공원,1277706981,,park,landuse,Polygon,967.78,False,1942.77,0.0,30,30,60.0,9,70.0
1582,111,서오능도시자연공원,545859939,기자촌1구역근린공원,park,landuse,Polygon,1721.77,False,42570.13,28.42,0,30,58.42,10,70.0
249,113,개화근린공원,264124195,방화근린공원,park,landuse,Polygon,404.46,False,33147.25,75.0,60,30,165.0,1,69.0
3495,113,개화근린공원,1305487266,내촌공원,park,landuse,Polygon,620.3,False,1110.81,36.0,30,30,96.0,2,69.0
1543,113,개화근린공원,537736995,부석공원,park,landuse,Polygon,702.46,False,1066.8,36.0,30,30,96.0,3,69.0
1494,113,개화근린공원,506152659,도레미어린이공원,park,landuse,Polygon,1479.28,False,6449.34,38.57,10,30,78.57,4,69.0
1045,113,개화근린공원,470406770,새싹어린이 교통공원,park,landuse,Polygon,1272.15,False,4793.04,36.0,10,30,76.0,5,69.0
320,113,개화근린공원,317297706,쌈지공원,park,landuse,Polygon,1298.6,False,3958.99,36.0,10,30,76.0,6,69.0
702,113,개화근린공원,465316804,서남물재생센터공원,park,landuse,Polygon,1208.25,False,177256.72,24.0,10,30,64.0,7,69.0
3494,113,개화근린공원,1305486109,은행나무마을마당,park,landuse,Polygon,513.21,False,145.25,0.0,30,30,60.0,8,69.0
1835,113,개화근린공원,618119931,,park,landuse,Polygon,910.84,False,991121.24,0.0,30,30,60.0,9,69.0
970,113,개화근린공원,469680384,푸르뫼놀이터,park,landuse,Polygon,1557.55,False,250.62,0.0,0,30,30.0,10,69.0
3342,116,구룡산도시자연공원,1187795607,대모산 도시자연공원,park,landuse,Polygon,1993.01,False,28577.9,70.0,0,30,100.0,1,12.31
2040,116,구룡산도시자연공원,678113175,포이공원,park,landuse,Polygon,939.58,False,495.83,27.69,30,30,87.69,2,12.31
212,116,구룡산도시자연공원,243543811,달터근린공원,park,landuse,Polygon,816.03,False,117904.04,24.0,30,30,84.0,3,12.31
363,116,구룡산도시자연공원,370217706,목련어린이공원,park,landuse,Polygon,970.16,False,1796.66,22.5,30,30,82.5,4,12.31
353,116,구룡산도시자연공원,368278186,달터공원,park,landuse,Polygon,1441.83,False,182638.29,27.69,10,30,67.69,5,12.31
277,116,구룡산도시자연공원,282429020,고인돌 공원,park,landuse,Polygon,1281.4,False,5401.28,25.71,10,30,65.71,6,12.31
362,116,구룡산도시자연공원,370217703,은행나무공원,park,landuse,Polygon,1333.07,False,1138.63,24.0,10,30,64.0,7,12.31
285,116,구룡산도시자연공원,291715900,샛별어린이공원,park,landuse,Polygon,1467.77,False,1812.03,22.5,10,30,62.5,8,12.31
2044,116,구룡산도시자연공원,678113194,,park,landuse,Polygon,816.42,False,6495.78,0.0,30,30,60.0,9,12.31
3143,116,구룡산도시자연공원,1077423480,,park,landuse,Polygon,956.54,False,790.12,0.0,30,30,60.0,10,12.31
1571,118,향림근린공원,545767590,신도 근린 공원,park,landuse,Polygon,483.41,False,8799.4,60.0,60,30,150.0,1,4.62
1569,118,향림근린공원,545681599,마고정근린공원,park,landuse,Polygon,486.04,False,4536.03,55.38,60,30,145.38,2,4.62
1576,118,향림근린공원,545768643,,park,landuse,Polygon,255.31,False,1024.31,0.0,80,30,110.0,3,4.62
1582,118,향림근린공원,545859939,기자촌1구역근린공원,park,landuse,Polygon,685.73,False,42570.13,45.0,30,30,105.0,4,4.62
626,118,향림근린공원,462633576,박석어린이 공원,park,landuse,Polygon,660.83,False,793.65,41.54,30,30,101.54,5,4.62
830,118,향림근린공원,468954788,올레공원,park,landuse,Polygon,807.63,False,41.73,36.0,30,30,96.0,6,4.62
598,118,향림근린공원,445144708,갈곡리 공원,park,landuse,Polygon,881.68,False,1291.29,32.73,30,30,92.73,7,4.62
1577,118,향림근린공원,545768644,,park,landuse,Polygon,394.77,False,1628.52,0.0,60,30,90.0,8,4.62
1575,118,향림근린공원,545767594,,park,landuse,Polygon,454.24,False,8691.2,0.0,60,30,90.0,9,4.62
1583,118,향림근린공원,545862611,기자촌2구역근린공원,park,landuse,Polygon,1035.67,False,42446.56,45.0,10,30,85.0,10,4.62
3168,120,광평근린공원,1085304262,근린공원,park,landuse,Polygon,1812.54,False,11822.92,72.0,0,30,102.0,1,6.0
504,120,광평근린공원,417981300,대청공원,park,landuse,Polygon,902.72,False,14588.07,36.0,30,30,96.0,2,6.0
3340,120,광평근린공원,1187795591,안개근린공원,park,landuse,Polygon,1873.94,False,13770.61,60.0,0,30,90.0,3,6.0
3007,120,광평근린공원,1020500510,수서까치공원,park,landuse,Polygon,502.92,False,1711.34,30.0,30,30,90.0,4,6.0
1318,120,광평근린공원,475128085,일원목련공원,park,landuse,Polygon,669.55,False,1505.52,30.0,30,30,90.0,5,6.0
1293,120,광평근린공원,474519779,일원진달래공원,park,landuse,Polygon,727.99,False,1330.96,27.69,30,30,87.69,6,6.0
54,120,광평근린공원,170053300,훼밀리 근린공원,park,landuse,Polygon,1785.07,False,14061.56,55.38,0,30,85.38,7,6.0
1540,120,광평근린공원,536950596,삼밭어린이공원,park,landuse,Polygon,1252.82,False,976.87,41.54,10,30,81.54,8,6.0
330,120,광평근린공원,341892199,마루공원,park,landuse,Polygon,1208.79,False,43249.43,36.0,10,30,76.0,9,6.0
1319,120,광평근린공원,475128086,대진공원,park,landuse,Polygon,1376.46,False,13285.16,36.0,10,30,76.0,10,6.0
2086,127,문화비축기지,690412540,문화비축기지,park,landuse,Polygon,0.0,True,76393.55,150.0,120,30,300.0,1,190.0
2087,127,문화비축기지,690412541,매봉산근린공원,park,landuse,Polygon,205.88,False,12372.9,0.0,80,30,110.0,2,190.0
1280,127,문화비축기지,180889,난지천공원,park,landuse,Polygon,307.52,False,232273.7,16.36,60,30,106.36,3,190.0
2089,127,문화비축기지,690431890,물빛문화공원,park,landuse,Polygon,830.87,False,3115.65,30.0,30,30,90.0,4,190.0
1281,127,문화비축기지,474196879,하늘공원,park,landuse,Polygon,412.42,False,718407.28,0.0,60,30,90.0,5,190.0
1486,127,문화비축기지,503491620,,park,landuse,Polygon,497.93,False,10095.13,0.0,60,30,90.0,6,190.0
2088,127,문화비축기지,690431884,DMC 문화공원,park,landuse,Polygon,658.78,False,3834.37,27.69,30,30,87.69,7,190.0
4,127,문화비축기지,180886,평화의공원,park,landuse,Polygon,685.5,False,277012.28,16.36,30,30,76.36,8,190.0
2090,127,문화비축기지,690432465,가온문화공원,park,landuse,Polygon,1181.1,False,4574.61,30.0,10,30,70.0,9,190.0
2583,127,문화비축기지,836252260,,park,landuse,Polygon,559.66,False,8595.41,0.0,30,30,60.0,10,190.0
3162,128,경춘선숲길,1082248340,경춘숲공원,park,landuse,Polygon,344.51,False,44620.69,54.0,60,30,144.0,1,4.0
3811,128,경춘선숲길,21048214,경춘선숲길 연장,park,landuse,Polygon,1198.25,False,12032.64,100.0,10,30,140.0,2,4.0
3298,128,경춘선숲길,1155449706,,park,landuse,Polygon,8.56,False,10959.2,0.0,100,30,130.0,3,4.0
1692,128,경춘선숲길,579134044,해오라기 어린이공원,park,landuse,Polygon,163.53,False,979.23,0.0,80,30,110.0,4,4.0
1695,128,경춘선숲길,579134075,씨알공원,park,landuse,Polygon,254.39,False,1151.47,0.0,80,30,110.0,5,4.0
3566,128,경춘선숲길,1367926042,경춘숲공원,park,landuse,Polygon,1209.78,False,6277.52,54.0,10,30,94.0,6,4.0
2444,128,경춘선숲길,780869695,샘말공원,park,landuse,Polygon,361.12,False,799.05,0.0,60,30,90.0,7,4.0
1303,128,경춘선숲길,474561462,,park,landuse,Polygon,430.93,False,5639.94,0.0,60,30,90.0,8,4.0
398,128,경춘선숲길,380911336,한무리공원,park,landuse,Polygon,442.6,False,2692.58,0.0,60,30,90.0,9,4.0
3795,128,경춘선숲길,1513263870,,park,landuse,Polygon,455.97,False,792.1,0.0,60,30,90.0,10,4.0
1802,129,율현공원,611808438,율현공원,park,landuse,Polygon,0.0,True,102982.55,150.0,120,30,300.0,1,40.0
1803,129,율현공원,611808440,율현공원,park,landuse,Polygon,198.94,False,48481.25,150.0,80,30,260.0,2,40.0
3517,129,율현공원,1345998094,,park,landuse,Polygon,230.84,False,6192.38,0.0,80,30,110.0,3,40.0
1005,129,율현공원,469961487,문현공원,park,landuse,Polygon,1450.48,False,1083.74,67.5,10,30,107.5,4,40.0
3750,129,율현공원,1465344889,솔밭공원,park,landuse,Polygon,654.02,False,595.52,45.0,30,30,105.0,5,40.0
51,129,율현공원,170052590,글샘공원,park,landuse,Polygon,813.14,False,28341.88,45.0,30,30,105.0,6,40.0
1089,129,율현공원,471318821,소리공원,park,landuse,Polygon,939.52,False,37573.57,45.0,30,30,105.0,7,40.0
579,129,율현공원,432946877,세곡공원,park,landuse,Polygon,970.36,False,271655.35,45.0,30,30,105.0,8,40.0
1161,129,율현공원,471748805,아래방죽마을공원,park,landuse,Polygon,648.78,False,309.74,30.0,30,30,90.0,9,40.0
2974,129,율현공원,1011006722,,park,landuse,Polygon,308.91,False,10531.48,0.0,60,30,90.0,10,40.0
2580,131,서울식물원,833234171,선두암공원,park,landuse,Polygon,353.68,False,2720.43,18.0,60,30,108.0,1,1.64
332,131,서울식물원,343375297,궁산 근린공원,park,landuse,Polygon,455.7,False,110761.44,16.36,60,30,106.36,2,1.64
702,131,서울식물원,465316804,서남물재생센터공원,park,landuse,Polygon,632.12,False,177256.72,38.57,30,30,98.57,3,1.64
2151,131,서울식물원,709497163,문화공원,park,landuse,Polygon,843.71,False,2752.18,20.0,30,30,80.0,4,1.64
700,131,서울식물원,465315849,등촌근린공원,park,landuse,Polygon,870.51,False,9315.56,16.36,30,30,76.36,5,1.64
2398,131,서울식물원,774527226,똘고랑문화공원,park,landuse,Polygon,590.98,False,2690.95,15.0,30,30,75.0,6,1.64
916,131,서울식물원,469349989,가양 어린이공원,park,landuse,Polygon,862.89,False,1389.94,15.0,30,30,75.0,7,1.64
3281,131,서울식물원,1146847940,공암나루근린공원,park,landuse,Polygon,891.67,False,64773.97,13.85,30,30,73.85,8,1.64
706,131,서울식물원,465543423,서낭당근린공원,park,landuse,Polygon,1784.06,False,8477.74,30.0,0,30,60.0,9,1.64
915,131,서울식물원,469349986,아름공원,park,landuse,Polygon,1198.28,False,2316.38,20.0,10,30,60.0,10,1.64
