park_id,park_name,official_area_m2,candidate_source,candidate_id,candidate_name,name_score,distance_m,candidate_area_m2,area_ratio,area_difference,fclass
4,서울숲,480994.0,seoul,생활서비스시설_공원_0043,기타공원(서울숲),100.0,46.15,635796.94,1.3218,0.3218,
4,서울숲,480994.0,seoul,생활서비스시설_공원_0035,근린공원(서울숲),100.0,0.0,247151.98,0.5138,0.4862,
4,서울숲,480994.0,seoul,생활서비스시설_공원_0002,근린공원(서울숲),100.0,526.86,36188.11,0.0752,0.9248,
4,서울숲,480994.0,seoul,생활서비스시설_공원_1876,근린공원(서울숲(뚝섬)),90.0,526.86,36188.11,0.0752,0.9248,
4,서울숲,480994.0,seoul,생활서비스시설_공원_0226,강변공원(중랑천),0.0,872.59,444426.04,0.924,0.076,
4,서울숲,480994.0,seoul,생활서비스시설_공원_0186,근린공원(응봉<시공원>),0.0,1402.23,290495.89,0.6039,0.3961,
4,서울숲,480994.0,seoul,생활서비스시설_공원_0036,강변공원(잠실지구),0.0,1186.03,195111.91,0.4056,0.5944,
4,서울숲,480994.0,seoul,생활서비스시설_공원_0022,근린공원((응봉)),0.0,979.51,160657.95,0.334,0.666,
4,서울숲,480994.0,seoul,생활서비스시설_공원_0031,강변공원(뚝섬지구),0.0,1289.69,73275.89,0.1523,0.8477,
4,서울숲,480994.0,seoul,생활서비스시설_공원_0218,강변공원(중랑천),0.0,864.73,56094.77,0.1166,0.8834,
4,서울숲,480994.0,osm,17338887,서울숲,100.0,0.0,662076.1,1.3765,0.3765,park
4,서울숲,480994.0,osm,158653405,독서당공원,33.33,1359.67,8007.62,0.0166,0.9834,park
4,서울숲,480994.0,osm,981963451,잠원한강공원,0.0,1188.15,495400.82,1.03,0.03,park
4,서울숲,480994.0,osm,14528902,응봉산 공원,0.0,974.24,106538.46,0.2215,0.7785,park
4,서울숲,480994.0,osm,572259714,살곶이체육공원,0.0,1226.04,61757.99,0.1284,0.8716,park
4,서울숲,480994.0,osm,976894516,,0.0,530.55,31129.98,0.0647,0.9353,park
4,서울숲,480994.0,osm,158653148,Rose Garden,0.0,1407.4,7822.73,0.0163,0.9837,park
4,서울숲,480994.0,osm,475986016,성수근린공원,0.0,910.87,5393.14,0.0112,0.9888,park
4,서울숲,480994.0,osm,874583386,전관원어린이공원,0.0,1200.27,4792.77,0.01,0.99,park
4,서울숲,480994.0,osm,158624121,응봉암벽등반공원,0.0,1112.53,2909.49,0.006,0.994,park
26,감로천생태공원(관악산),15000.0,seoul,생활서비스시설_공원_1257,도시자연공원((관악산)<시공원>),60.0,0.0,2535809.76,169.054,168.054,
26,감로천생태공원(관악산),15000.0,seoul,생활서비스시설_공원_1414,도시자연공원(관악산<시공원>),60.0,167.9,11816655.17,787.777,786.777,
26,감로천생태공원(관악산),15000.0,seoul,생활서비스시설_공원_1255,어린이공원(동산),25.0,377.45,1029.77,0.0687,0.9313,
26,감로천생태공원(관악산),15000.0,seoul,생활서비스시설_공원_1234,어린이공원(두산),25.0,1258.37,972.44,0.0648,0.9352,
26,감로천생태공원(관악산),15000.0,seoul,생활서비스시설_공원_1262,어린이공원(산장),25.0,1033.53,698.55,0.0466,0.9534,
26,감로천생태공원(관악산),15000.0,seoul,생활서비스시설_공원_1243,광장(독산본동다목적광장),11.76,890.44,1838.0,0.1225,0.8775,
26,감로천생태공원(관악산),15000.0,seoul,생활서비스시설_공원_1381,어린이공원(남강),0.0,1406.12,10349.17,0.6899,0.3101,
26,감로천생태공원(관악산),15000.0,seoul,생활서비스시설_공원_1252,어린이공원(무궁화),0.0,635.85,1326.52,0.0884,0.9116,
26,감로천생태공원(관악산),15000.0,seoul,생활서비스시설_공원_1250,어린이공원(새재미),0.0,1192.28,1233.84,0.0823,0.9177,
26,감로천생태공원(관악산),15000.0,seoul,생활서비스시설_공원_1242,어린이공원(장미),0.0,918.62,1206.7,0.0804,0.9196,
26,감로천생태공원(관악산),15000.0,osm,15451927,관악산생태공원,90.0,483.66,366.67,0.0244,0.9756,park
26,감로천생태공원(관악산),15000.0,osm,410555999,관악산 난곡공원,54.55,865.68,7510.87,0.5007,0.4993,park
26,감로천생태공원(관악산),15000.0,osm,385989548,금천체육공원,25.0,64.48,16964.92,1.131,0.131,park
26,감로천생태공원(관악산),15000.0,osm,385839957,산기슭공원,22.22,629.69,9608.58,0.6406,0.3594,park
26,감로천생태공원(관악산),15000.0,osm,1320034498,독산자연공원,20.0,144.91,203656.38,13.5771,12.5771,park
26,감로천생태공원(관악산),15000.0,osm,469647422,독산동 마을공원,18.18,974.52,2061.01,0.1374,0.8626,park
26,감로천생태공원(관악산),15000.0,osm,410974076,금천구민 문화체육공원,16.67,0.0,13239.41,0.8826,0.1174,park
26,감로천생태공원(관악산),15000.0,osm,408855837,독산본동 다목적광장,13.33,891.83,1435.01,0.0957,0.9043,park
26,감로천생태공원(관악산),15000.0,osm,468612247,무궁화 어린이공원,0.0,634.24,1615.98,0.1077,0.8923,park
26,감로천생태공원(관악산),15000.0,osm,1137485608,,0.0,518.79,1475.39,0.0984,0.9016,park
64,봉은공원,328018.0,seoul,생활서비스시설_공원_1622,근린공원(봉은),100.0,0.0,75634.15,0.2306,0.7694,
64,봉은공원,328018.0,seoul,생활서비스시설_공원_1647,근린공원(삼성은행나무),25.0,880.07,1652.79,0.005,0.995,
64,봉은공원,328018.0,seoul,생활서비스시설_공원_1653,어린이공원(대치은행나무),25.0,1354.28,1618.65,0.0049,0.9951,
64,봉은공원,328018.0,seoul,생활서비스시설_공원_1658,마을마당(탄천),0.0,995.98,375214.82,1.1439,0.1439,
64,봉은공원,328018.0,seoul,생활서비스시설_공원_0034,강변공원((광나루지구)),0.0,1209.71,268719.83,0.8192,0.1808,
64,봉은공원,328018.0,seoul,생활서비스시설_공원_1614,근린공원(선·정릉),0.0,560.22,240593.07,0.7335,0.2665,
64,봉은공원,328018.0,seoul,생활서비스시설_공원_1752,강변공원(탄천),0.0,1140.73,234669.65,0.7154,0.2846,
64,봉은공원,328018.0,seoul,생활서비스시설_공원_1631,근린공원(청담),0.0,719.78,59347.72,0.1809,0.8191,
64,봉은공원,328018.0,seoul,생활서비스시설_공원_1656,근린공원(청수),0.0,999.73,11672.88,0.0356,0.9644,
64,봉은공원,328018.0,seoul,생활서비스시설_공원_1637,어린이공원(청담목련),0.0,1099.87,1642.13,0.005,0.995,
64,봉은공원,328018.0,osm,417638568,봉은테니스장,90.0,0.0,8735.82,0.0266,0.9734,park
64,봉은공원,328018.0,osm,383846975,대치은행나무공원,25.0,1355.33,1563.51,0.0048,0.9952,park
64,봉은공원,328018.0,osm,614498544,삼성은행나무공원,25.0,880.46,1365.67,0.0042,0.9958,park
64,봉은공원,328018.0,osm,5493161,삼릉공원 / 서울 선릉과 정릉,0.0,564.17,241464.33,0.7361,0.2639,park
64,봉은공원,328018.0,osm,961506477,잠실 한강 공원,0.0,1215.41,438619.68,1.3372,0.3372,park
64,봉은공원,328018.0,osm,637366668,대치유수지체육공원,0.0,1321.56,73035.72,0.2227,0.7773,recreation_ground
64,봉은공원,328018.0,osm,417437657,청담근린공원,0.0,720.98,50215.01,0.1531,0.8469,park
64,봉은공원,328018.0,osm,700471384,삼성해맞이공원,0.0,805.24,25803.9,0.0787,0.9213,park
64,봉은공원,328018.0,osm,614502553,청담도로공원,0.0,966.51,17195.22,0.0524,0.9476,park
64,봉은공원,328018.0,osm,900203756,,0.0,1391.17,5498.88,0.0168,0.9832,park
79,삼청근린공원,380735.0,seoul,생활서비스시설_공원_0074,근린공원(삼청<시공원>),90.0,0.0,956167.32,2.5114,1.5114,
79,삼청근린공원,380735.0,seoul,생활서비스시설_공원_0096,마을마당(청운동),22.22,1407.49,256.35,0.0007,0.9993,
79,삼청근린공원,380735.0,seoul,생활서비스시설_공원_0107,도시자연공원((북악산)<시공원>),0.0,770.92,409813.34,1.0764,0.0764,
79,삼청근린공원,380735.0,seoul,생활서비스시설_공원_0085,근린공원(경복),0.0,784.63,432401.05,1.1357,0.1357,
79,삼청근린공원,380735.0,seoul,생활서비스시설_공원_0104,근린공원(창덕),0.0,415.79,460606.29,1.2098,0.2098,
79,삼청근린공원,380735.0,seoul,생활서비스시설_공원_0045,근린공원(창경),0.0,933.86,223825.58,0.5879,0.4121,
79,삼청근린공원,380735.0,seoul,생활서비스시설_공원_0078,근린공원(와룡<시공원>),0.0,191.09,173813.84,0.4565,0.5435,
79,삼청근린공원,380735.0,seoul,생활서비스시설_공원_0065,근린공원(원서),0.0,1244.29,9594.0,0.0252,0.9748,
79,삼청근린공원,380735.0,seoul,생활서비스시설_공원_0049,광장(무궁화동산),0.0,1148.1,6380.72,0.0168,0.9832,
79,삼청근린공원,380735.0,seoul,생활서비스시설_공원_0097,어린이공원(경학),0.0,1145.66,3366.32,0.0088,0.9912,
79,삼청근린공원,380735.0,osm,624285855,삼청공원,100.0,0.0,62387.92,0.1639,0.8361,park
79,삼청근린공원,380735.0,osm,5501517,경복궁,0.0,825.84,412060.84,1.0823,0.0823,park
79,삼청근린공원,380735.0,osm,10799909,,0.0,1287.27,64109.26,0.1684,0.8316,park
79,삼청근린공원,380735.0,osm,607913399,와룡공원,0.0,350.42,53900.2,0.1416,0.8584,park
79,삼청근린공원,380735.0,osm,424080008,열린송현 녹지광장,0.0,1305.66,33856.17,0.0889,0.9111,park
79,삼청근린공원,380735.0,osm,184444070,,0.0,1434.79,9347.27,0.0246,0.9754,park
79,삼청근린공원,380735.0,osm,10828950,현대원서공원,0.0,1254.33,8909.2,0.0234,0.9766,park
79,삼청근린공원,380735.0,osm,789175761,,0.0,1161.7,8353.02,0.0219,0.9781,park
79,삼청근린공원,380735.0,osm,298518901,북악 팔각정,0.0,1345.84,7192.85,0.0189,0.9811,park
79,삼청근린공원,380735.0,osm,222964179,무궁화동산,0.0,1171.83,6314.06,0.0166,0.9834,park
91,북서울꿈의숲,662543.0,seoul,생활서비스시설_공원_0495,마을마당(꿈동산),15.38,999.15,241.94,0.0004,0.9996,
91,북서울꿈의숲,662543.0,seoul,생활서비스시설_공원_0560,근린공원((초안산)<시공원>),0.0,1218.77,695884.71,1.0503,0.0503,
91,북서울꿈의숲,662543.0,seoul,생활서비스시설_공원_0641,근린공원(초안산<시공원>),0.0,821.42,1022430.14,1.5432,0.5432,
91,북서울꿈의숲,662543.0,seoul,생활서비스시설_공원_0442,근린공원((오동)<시공원>),0.0,736.37,258474.58,0.3901,0.6099,
91,북서울꿈의숲,662543.0,seoul,생활서비스시설_공원_0527,강변공원(우이천),0.0,666.92,40201.03,0.0607,0.9393,
91,북서울꿈의숲,662543.0,seoul,생활서비스시설_공원_0725,근린공원(비석골),0.0,985.91,9913.7,0.015,0.985,
91,북서울꿈의숲,662543.0,seoul,생활서비스시설_공원_0482,강변공원(우이천),0.0,787.02,8121.04,0.0123,0.9877,
91,북서울꿈의숲,662543.0,seoul,생활서비스시설_공원_0453,기타공원(마을공원),0.0,1263.14,6328.22,0.0096,0.9904,
91,북서울꿈의숲,662543.0,seoul,생활서비스시설_공원_0496,어린이공원(버드나무),0.0,1249.39,4964.33,0.0075,0.9925,
91,북서울꿈의숲,662543.0,seoul,생활서비스시설_공원_0600,어린이공원(각심),0.0,1116.1,4772.3,0.0072,0.9928,
91,북서울꿈의숲,662543.0,osm,485047329,북서울 꿈의 숲,100.0,82.84,116149.01,0.1753,0.8247,park
91,북서울꿈의숲,662543.0,osm,468614801,영축산유아숲체험장,13.33,1186.52,5173.48,0.0078,0.9922,park
91,북서울꿈의숲,662543.0,osm,536406794,청운답원,0.0,100.18,11269.25,0.017,0.983,park
91,북서울꿈의숲,662543.0,osm,1492272146,초안산 수국동산,0.0,824.29,10326.63,0.0156,0.9844,park
91,북서울꿈의숲,662543.0,osm,1492272145,비석골근린공원,0.0,992.44,9500.95,0.0143,0.9857,park
91,북서울꿈의숲,662543.0,osm,1492706635,,0.0,1179.9,8001.79,0.0121,0.9879,park
91,북서울꿈의숲,662543.0,osm,783533925,별말어린이공원,0.0,664.37,5175.07,0.0078,0.9922,park
91,북서울꿈의숲,662543.0,osm,750683195,,0.0,1480.49,3927.28,0.0059,0.9941,park
91,북서울꿈의숲,662543.0,osm,751010669,,0.0,1260.6,3666.77,0.0055,0.9945,park
91,북서울꿈의숲,662543.0,osm,750362083,애기릉터공원,0.0,1481.19,3594.26,0.0054,0.9946,park
95,금천체육공원(관악산),18083.0,seoul,생활서비스시설_공원_1257,도시자연공원((관악산)<시공원>),66.67,0.0,2535809.76,140.2317,139.2317,
95,금천체육공원(관악산),18083.0,seoul,생활서비스시설_공원_1414,도시자연공원(관악산<시공원>),66.67,132.06,11816655.17,653.4676,652.4676,
95,금천체육공원(관악산),18083.0,seoul,생활서비스시설_공원_1255,어린이공원(동산),28.57,551.66,1029.77,0.0569,0.9431,
95,금천체육공원(관악산),18083.0,seoul,생활서비스시설_공원_1234,어린이공원(두산),28.57,1374.91,972.44,0.0538,0.9462,
95,금천체육공원(관악산),18083.0,seoul,생활서비스시설_공원_1262,어린이공원(산장),28.57,859.0,698.55,0.0386,0.9614,
95,금천체육공원(관악산),18083.0,seoul,생활서비스시설_공원_1243,광장(독산본동다목적광장),12.5,1060.2,1838.0,0.1016,0.8984,
95,금천체육공원(관악산),18083.0,seoul,생활서비스시설_공원_1381,어린이공원(남강),0.0,1404.41,10349.17,0.5723,0.4277,
95,금천체육공원(관악산),18083.0,seoul,생활서비스시설_공원_1236,광장(삼성체육공원(시흥4동다목적광장)),0.0,1480.76,2021.22,0.1118,0.8882,
95,금천체육공원(관악산),18083.0,seoul,생활서비스시설_공원_1252,어린이공원(무궁화),0.0,539.45,1326.52,0.0734,0.9266,
95,금천체육공원(관악산),18083.0,seoul,생활서비스시설_공원_1250,어린이공원(새재미),0.0,1059.39,1233.84,0.0682,0.9318,
95,금천체육공원(관악산),18083.0,osm,385989548,금천체육공원,90.0,0.0,16964.92,0.9382,0.0618,park
95,금천체육공원(관악산),18083.0,osm,15451927,관악산생태공원,90.0,411.31,366.67,0.0203,0.9797,park
95,금천체육공원(관악산),18083.0,osm,410555999,관악산 난곡공원,60.0,747.14,7510.87,0.4154,0.5846,park
95,금천체육공원(관악산),18083.0,osm,410974076,금천구민 문화체육공원,36.36,101.63,13239.41,0.7321,0.2679,park
95,금천체육공원(관악산),18083.0,osm,385839957,산기슭공원,25.0,472.39,9608.58,0.5314,0.4686,park
95,금천체육공원(관악산),18083.0,osm,1320034498,독산자연공원,22.22,314.85,203656.38,11.2623,10.2623,park
95,금천체육공원(관악산),18083.0,osm,510235568,삼성산자연공원,20.0,1377.04,19987.67,1.1053,0.1053,park
95,금천체육공원(관악산),18083.0,osm,469647422,독산동 마을공원,20.0,930.43,2061.01,0.114,0.886,park
95,금천체육공원(관악산),18083.0,osm,408855837,독산본동 다목적광장,14.29,1061.43,1435.01,0.0794,0.9206,park
95,금천체육공원(관악산),18083.0,osm,510235567,삼성체육공원,0.0,1480.12,1987.2,0.1099,0.8901,park
97,만수천공원(관악산),19650.0,seoul,생활서비스시설_공원_1257,도시자연공원((관악산)<시공원>),60.0,0.0,2535809.76,129.0488,128.0488,
97,만수천공원(관악산),19650.0,seoul,생활서비스시설_공원_1414,도시자연공원(관악산<시공원>),60.0,35.6,11816655.17,601.3565,600.3565,
97,만수천공원(관악산),19650.0,seoul,생활서비스시설_공원_1255,어린이공원(동산),25.0,265.36,1029.77,0.0524,0.9476,
97,만수천공원(관악산),19650.0,seoul,생활서비스시설_공원_1234,어린이공원(두산),25.0,1295.51,972.44,0.0495,0.9505,
97,만수천공원(관악산),19650.0,seoul,생활서비스시설_공원_1254,어린이공원(반수),25.0,581.36,964.72,0.0491,0.9509,
97,만수천공원(관악산),19650.0,seoul,생활서비스시설_공원_1262,어린이공원(산장),25.0,1410.42,698.55,0.0355,0.9645,
97,만수천공원(관악산),19650.0,seoul,생활서비스시설_공원_1385,어린이공원(약수),25.0,288.15,537.89,0.0274,0.9726,
97,만수천공원(관악산),19650.0,seoul,생활서비스시설_공원_1243,광장(독산본동다목적광장),11.76,687.77,1838.0,0.0935,0.9065,
97,만수천공원(관악산),19650.0,seoul,생활서비스시설_공원_1381,어린이공원(남강),0.0,1247.27,10349.17,0.5267,0.4733,
97,만수천공원(관악산),19650.0,seoul,생활서비스시설_공원_1419,어린이공원(보명),0.0,1475.77,1342.37,0.0683,0.9317,
97,만수천공원(관악산),19650.0,osm,15451927,관악산생태공원,90.0,633.88,366.67,0.0187,0.9813,park
97,만수천공원(관악산),19650.0,osm,410555999,관악산 난곡공원,54.55,1043.85,7510.87,0.3822,0.6178,park
97,만수천공원(관악산),19650.0,osm,385989548,금천체육공원,25.0,495.31,16964.92,0.8634,0.1366,park
97,만수천공원(관악산),19650.0,osm,385839957,산기슭공원,22.22,1057.24,9608.58,0.489,0.511,park
97,만수천공원(관악산),19650.0,osm,1320034498,독산자연공원,20.0,0.0,203656.38,10.3642,9.3642,park
97,만수천공원(관악산),19650.0,osm,469647422,독산동 마을공원,18.18,1341.16,2061.01,0.1049,0.8951,park
97,만수천공원(관악산),19650.0,osm,410974076,금천구민 문화체육공원,16.67,343.84,13239.41,0.6738,0.3262,park
97,만수천공원(관악산),19650.0,osm,408855837,독산본동 다목적광장,13.33,690.83,1435.01,0.073,0.927,park
97,만수천공원(관악산),19650.0,osm,468978212,난우공원,0.0,1201.88,10135.64,0.5158,0.4842,park
97,만수천공원(관악산),19650.0,osm,468612247,무궁화 어린이공원,0.0,1056.15,1615.98,0.0822,0.9178,park
98,발바닥공원,7000.0,seoul,생활서비스시설_공원_0584,소공원(발바닥공원),90.0,0.0,19854.2,2.8363,1.8363,
98,발바닥공원,7000.0,seoul,생활서비스시설_공원_0546,어린이공원(은행나무),0.0,1487.82,3171.2,0.453,0.547,
98,발바닥공원,7000.0,seoul,생활서비스시설_공원_0593,어린이공원(창원),0.0,1014.99,2338.38,0.3341,0.6659,
98,발바닥공원,7000.0,seoul,생활서비스시설_공원_0576,어린이공원(샘말),0.0,952.44,1070.46,0.1529,0.8471,
98,발바닥공원,7000.0,seoul,생활서비스시설_공원_0586,어린이공원(둥근달),0.0,1103.87,1046.01,0.1494,0.8506,
98,발바닥공원,7000.0,seoul,생활서비스시설_공원_0579,어린이공원(꿈동산),0.0,1117.34,1026.58,0.1467,0.8533,
98,발바닥공원,7000.0,seoul,생활서비스시설_공원_0554,어린이공원(뒷말),0.0,454.1,1016.93,0.1453,0.8547,
98,발바닥공원,7000.0,seoul,생활서비스시설_공원_0561,어린이공원(미화),0.0,843.39,1014.7,0.145,0.855,
98,발바닥공원,7000.0,seoul,생활서비스시설_공원_0556,어린이공원(무궁화),0.0,1252.0,1010.13,0.1443,0.8557,
98,발바닥공원,7000.0,seoul,생활서비스시설_공원_0563,어린이공원(노해),0.0,674.18,1007.49,0.1439,0.8561,
98,발바닥공원,7000.0,osm,484699402,발바닥공원,100.0,0.0,14577.94,2.0826,1.0826,park
98,발바닥공원,7000.0,osm,697322580,,0.0,277.91,7201.46,1.0288,0.0288,park
98,발바닥공원,7000.0,osm,484879115,,0.0,144.71,4471.85,0.6388,0.3612,park
98,발바닥공원,7000.0,osm,381285378,평화도봉공원,0.0,968.47,3808.28,0.544,0.456,park
98,발바닥공원,7000.0,osm,381285379,평화도봉공원,0.0,886.66,3125.01,0.4464,0.5536,park
98,발바닥공원,7000.0,osm,381285382,평화도봉공원,0.0,1021.36,2096.85,0.2995,0.7005,park
98,발바닥공원,7000.0,osm,484879114,,0.0,78.48,1654.53,0.2364,0.7636,park
98,발바닥공원,7000.0,osm,381285381,평화도봉공원,0.0,911.27,1540.69,0.2201,0.7799,park
98,발바닥공원,7000.0,osm,783108859,금성윗들 소공원,0.0,1405.05,1387.47,0.1982,0.8018,park
98,발바닥공원,7000.0,osm,1539331934,창원어린이공원,0.0,1035.36,1210.44,0.1729,0.8271,park
109,초안산생태공원,22113.0,seoul,생활서비스시설_공원_0560,근린공원((초안산)<시공원>),90.0,0.0,695884.71,31.4695,30.4695,
109,초안산생태공원,22113.0,seoul,생활서비스시설_공원_0641,근린공원(초안산<시공원>),90.0,927.61,1022430.14,46.2366,45.2366,
109,초안산생태공원,22113.0,seoul,생활서비스시설_공원_0579,어린이공원(꿈동산),33.33,385.09,1026.58,0.0464,0.9536,
109,초안산생태공원,22113.0,seoul,생활서비스시설_공원_0584,소공원(발바닥공원),0.0,1450.34,19854.2,0.8979,0.1021,
109,초안산생태공원,22113.0,seoul,생활서비스시설_공원_0564,근린공원(월천),0.0,849.75,10711.85,0.4844,0.5156,
109,초안산생태공원,22113.0,seoul,생활서비스시설_공원_0623,근린공원(느티울),0.0,1454.94,9971.8,0.4509,0.5491,
109,초안산생태공원,22113.0,seoul,생활서비스시설_공원_0552,어린이공원(창골),0.0,851.93,4284.18,0.1937,0.8063,
109,초안산생태공원,22113.0,seoul,생활서비스시설_공원_0527,강변공원(우이천),0.0,1001.43,40201.03,1.818,0.818,
109,초안산생태공원,22113.0,seoul,생활서비스시설_공원_0546,어린이공원(은행나무),0.0,304.28,3171.2,0.1434,0.8566,
109,초안산생태공원,22113.0,seoul,생활서비스시설_공원_0588,어린이공원(반석),0.0,90.06,2612.14,0.1181,0.8819,
109,초안산생태공원,22113.0,osm,485045394,초안산근린공원,100.0,0.0,38270.36,1.7307,0.7307,park
109,초안산생태공원,22113.0,osm,495487176,초안산생태공원,100.0,367.46,84615.43,3.8265,2.8265,park
109,초안산생태공원,22113.0,osm,668184493,초안산 캠핑장,90.0,972.1,14479.47,0.6548,0.3452,camp_site
109,초안산생태공원,22113.0,osm,1478722614,초안산하늘꽃정원,90.0,575.93,10581.28,0.4785,0.5215,park
109,초안산생태공원,22113.0,osm,481521642,초안산 숲속 공원,90.0,811.8,4336.94,0.1961,0.8039,park
109,초안산생태공원,22113.0,osm,701304224,꿈동산어린이공원,33.33,383.43,973.37,0.044,0.956,park
109,초안산생태공원,22113.0,osm,775600720,북한산 아이파크 공원,20.0,1022.61,16693.47,0.7549,0.2451,park
109,초안산생태공원,22113.0,osm,16165947,,0.0,1431.46,17280.11,0.7814,0.2186,park
109,초안산생태공원,22113.0,osm,417025270,느티울근린공원,0.0,1453.16,15935.8,0.7207,0.2793,park
109,초안산생태공원,22113.0,osm,484699402,발바닥공원,0.0,1475.9,14577.94,0.6592,0.3408,park
126,용마도시자연공원(사가정공원),109635.0,seoul,생활서비스시설_공원_0347,마을마당(사가정역),61.54,685.04,977.63,0.0089,0.9911,
126,용마도시자연공원(사가정공원),109635.0,seoul,생활서비스시설_공원_0244,도시자연공원((용마)<시공원>),50.0,793.17,2363736.38,21.5601,20.5601,
126,용마도시자연공원(사가정공원),109635.0,seoul,생활서비스시설_공원_0378,도시자연공원(용마<시공원>),50.0,0.0,2677309.48,24.4202,23.4202,
126,용마도시자연공원(사가정공원),109635.0,seoul,생활서비스시설_공원_0381,마을마당(용마),36.36,883.73,475.55,0.0043,0.9957,
126,용마도시자연공원(사가정공원),109635.0,seoul,생활서비스시설_공원_0350,마을마당(용마산역),30.77,1001.89,998.56,0.0091,0.9909,
126,용마도시자연공원(사가정공원),109635.0,seoul,생활서비스시설_공원_0342,어린이공원(사랑),28.57,1389.98,1034.25,0.0094,0.9906,
126,용마도시자연공원(사가정공원),109635.0,seoul,생활서비스시설_공원_0400,마을마당(늘푸른 근린공원),16.67,1428.11,3046.36,0.0278,0.9722,
126,용마도시자연공원(사가정공원),109635.0,seoul,생활서비스시설_공원_0349,마을마당(면목역공원),16.67,1229.24,2659.05,0.0243,0.9757,
126,용마도시자연공원(사가정공원),109635.0,seoul,생활서비스시설_공원_0361,마을마당(해오름),16.67,668.83,307.87,0.0028,0.9972,
126,용마도시자연공원(사가정공원),109635.0,seoul,생활서비스시설_공원_0336,어린이공원(까치),0.0,821.97,3323.58,0.0303,0.9697,
126,용마도시자연공원(사가정공원),109635.0,osm,416822360,용마폭포공원,44.44,696.73,83013.36,0.7572,0.2428,park
126,용마도시자연공원(사가정공원),109635.0,osm,1241625513,사랑어린이공원,28.57,1390.21,912.58,0.0083,0.9917,park
126,용마도시자연공원(사가정공원),109635.0,osm,416826276,서일대뒷산공원,0.0,688.64,57259.22,0.5223,0.4777,park
126,용마도시자연공원(사가정공원),109635.0,osm,761523644,돌산체육공원,0.0,1399.15,9417.73,0.0859,0.9141,park
126,용마도시자연공원(사가정공원),109635.0,osm,1058107786,근린공원,0.0,1120.68,8160.89,0.0744,0.9256,park
126,용마도시자연공원(사가정공원),109635.0,osm,1303753999,까치공원,0.0,822.0,3145.82,0.0287,0.9713,park
126,용마도시자연공원(사가정공원),109635.0,osm,761529115,,0.0,1163.59,2721.29,0.0248,0.9752,park
126,용마도시자연공원(사가정공원),109635.0,osm,761530207,,0.0,1378.01,2717.02,0.0248,0.9752,park
126,용마도시자연공원(사가정공원),109635.0,osm,471558791,면목공원,0.0,1226.54,2455.24,0.0224,0.9776,park
126,용마도시자연공원(사가정공원),109635.0,osm,761530208,,0.0,1435.37,2340.36,0.0213,0.9787,park
