name,opened_at,area,facilities,plants,notes,district,address,department,phone,image,lon,lat,avg_elevation,min_elevation,max_elevation,elevation_diff,avg_slope,area_score,elevation_score,slope_score,difficulty_score,difficulty
남산공원,1968.9.10,2896887.0,기반시설 : 광장 45950㎡ 도로 108530㎡ 산책로 6.7㎞ (북측:3.7㎞/남측:3.0㎞) 조경시설 : 연못 1개소(1078㎡) 파고라 분수대 그늘시렁 운동시설 : 테니스장 야구장 궁도장 배드민턴장 교양시설 : 도서관 야외식물원 안중근의사 기념관 편익시설 : 주차장 매점 음수대 팔각정 화장실 밴치 타워전망대 기타시설 : 순환도로 18.9㎞,소나무 단풍 아카시아 상수리나무 등 191종 2881870주,남산공원 차량통행 금지안내 2005년 5월 1일부터 남산공원에 일반승용차 택시 통행이 금지되었습니다. 남산 서울타워까지 명동 충무로 동대입구역에서 순환버스(020305번)를 이용하세요  ,중구,서울특별시 중구 삼일대로 231(예장동),중부공원여가센터,02-3783-5900,http://parks.seoul.go.kr/file/info/view.do?fIdx=1884,126.9903773,37.5501402,215.92251586914065,185.2413330078125,235.3741455078125,50.1328125,0.501328125,3.7459332250526484e-05,0.41865406874059097,0.41865406874059097,0.29306908591808883,medium
길동생태공원,1999.5.20,79258.7,"생태문화센터, 탐방객안내센터, 반딧불이 체험관, 목재데크, 조류관찰대",소나무 보리수 등 64종 31800주 산국 부들 등 138종 192800본,매주 월요일은 휴관입니다 사전예약 후 입장하실 수 있습니다. 공원을 깨끗하게 이용합니다. 야생동물보호를 위해 음식물 반입을 금지합니다. 사전예약자에 한하여 주차장 이용이 가능하나 공간이 협소하여 가급적 대중교통을 이용해 주시기 바랍니다. 입장시간 09:00 ~ 18:00 (16시까지만 공원 및 주차장 입장 가능합니다.),강동구,서울특별시 강동구 천호대로 1291(길동생태공원) ,동부공원여가센 공원운영과,02-472-2770/ 02-489-2770,http://parks.seoul.go.kr/file/info/view.do?fIdx=1885,127.1547791,37.5403935,40.20079294840495,35.94119262695312,52.99520111083984,17.05400848388672,0.1705400848388671,1.0247976311476657e-06,0.13754262232630446,0.13754262232630438,0.09628014306770244,easy
서울대공원,1984.5.1,9132690.0,동물원 식물원 테마가든(장미원 어린이동물원 피크닉장) 치유숲 산림욕장 캠핑장 국립현대미술관 서울랜드 플레이월드 원더파크 코끼리열차 스카이리프트 등,"엘레강스야자, 용설란, 파리지옥, 네펜데스, 장미 등",일반사항 공원을 깨끗하게 이용합니다. 대중교통을 이용해 주세요. 기념물 시설물 풀과 나무를 보호합니다. 야생동물보호를 위해 음식물 반입을 금지합니다. 야영 취사행위 및 불을 피우지 않습니다. 애완동물은 생태계 보전과 대중의 이용에 불편함이 없도록 출입을 자제하여 주시기 바랍니다. 음주/가무/소란행위를 하지 않습니다. 쓰레기는 되가져 가시기 바랍니다. ,과천시,경기도 과천시 대공원광장로 102,서울대공원 전략기획실,02-500-7033,http://parks.seoul.go.kr/file/info/view.do?fIdx=1886,127.0198465,37.4264494,83.098631117079,75.7011947631836,99.9529800415039,24.251785278320312,0.2425178527832031,0.00011809402075188996,0.1987110202122979,0.19871102021229786,0.1391331423548341,easy
서울숲,2005.6.18,480994.0,문화예술시설: 바닥분수 거울연못 군마상 야외무대 가족마당무대 생태시설: 꽃사슴방사장 보행가교 바람의언덕 체험시설: 곤충식물원,수 목 : 소나무 섬잣나무 계수나무 외 95종 415795주 식물원 : 선인장 등 231종 7755본 초 화 : 개미취 구절초 갈대 외 8종 3250본,지하철 분당선 서울숲역 4번출구 도보로 약2분 2호선 뚝섬역 8번출구 도보로 약 15분거리 중앙선(1호선)응봉역 2번출구 도보로 약 30분 정도 거리  버스(G 지선 B 간선 R 광역 Y 순환) B 141 : 도봉산입구>미아삼거리역>서울숲 후문>도산공원>서울세관 B 145 : 북부수도사업소>답십리 촬영소>서울숲후문>갤러리아백화점>신사역 B 148 : 북부수도사업소>고대앞 삼거리>성동구청>서울숲 후문>압구정동 B 121 : 화계사>고대앞 삼거리>마장역>한양대 정문>서울숲 G 2014 : 자양4동 차고지>영동대교앞>서울숲>왕십리역>동대문역사문화공원 G 2412 : 성수동 차고지>서울숲>노륜산시장앞>잠실역>송파역>수서역 G 2413 : 성수동 차고지>서울숲>뚝섬역>영동대교>한국무역센터(삼성역) G 2224 : 성수동 차고지>서울숲>뚝섬역>성수역>건대역>동서울터미널 승용차 강변북로 서쪽(일산방면) 반포대교 → 1차선에서 ‘용비교?한남동 방향’램프진입 → 용비교 → 성수대교(북단)사거리에서 직진 → 무지개 터널 → 서울숲 주차장 강남방면 성수대교 건너 ‘성수대교(북단)사거리’에서 우회전 → 무지개터널 → 서울숲 주차장 상계동 방면 동부간선도로 → 군자교 → 강변북로 못미쳐 ‘성수대교ㆍ왕십리 방향’으로 진입 → 성수대교(북단)사거리에서 직진→ 무지개터널 → 서울숲 주차장 한강변 자전거도로 성산대교 ↔ 용비교 아래 자전거 도로 ↔ 서울숲 지하통로(성수대교하단) ↔ 광진교 중랑천자전거 도로(광진 성동 중랑 동대문 강북 도봉) ↔ 용비교 아래 자전거 도로 ↔ 서울숲의 지하통로 주차장서울숲주차장 주차요금안내 주차가능 수 : 172대 주차장 면적 : 5675㎡  ,성동구,서울특별시 성동구 뚝섬로 273 (성수동1가) ,동부여가센터 서울숲관리사무소,02-460-2905 ,http://parks.seoul.go.kr/file/info/view.do?fIdx=1887,127.0417982,37.5430717,11.611632135179308,10.61403465270996,13.20289134979248,2.5888566970825213,0.0258885669708252,6.219605866029653e-06,0.014614364720317496,0.014614364720317494,0.010231921185982054,easy
월드컵공원,2002.5.1,2284085.0,평화의 공원 월드컵공원전시관(879㎡) 유니세프광장(2400㎡) 평화광장(5217㎡) 난지연못(24522㎡) 휴게소2개소 화장실 6개소 음수전 2개소 별자리광장(2800㎡) 잔디광장(15110㎡) 야외전시장(5145㎡) 모험놀이터(1133㎡) 피크닉장(멍석20개) 테니스장 2면 평화의정원 1개소 주차장(1242면) 에너지제로하우스 하늘공원 탐방객안내소(103㎡) 풍력발전기 5개소 전망대 20개소 화장실 5개소 음수전 4개소 하늘계단 하늘을 담는 그릇 초지(109567㎡) 난지천공원 인조잔디축구장 게이트볼장(1188㎡) 농구장(420㎡) 음수전 4개소 화장실 5개소 배드민턴장(328㎡) 다목적구장(3240㎡) 장애인놀이터(1591㎡) 어린이놀이터(706㎡) 매점 2개소 잔디광장(16193㎡) 오리연못(3600㎡) 주차장(난지천 196면 임시주차장 250면 장애인주차장 53면) 노을공원 관찰?쉼터데크 전망데크 바람의광장 누에생태체험장 노을캠핑장 파크골프장 노을계단 조각 작품 10 반딧불이 관찰원 커뮤니티센터 난지창작스튜디오 희망의숲 등 매립지 사면 달리기코스(난지순환길 5.8㎞) 수림대 사면녹화 기타시설 지역난방공사 자원회수시설 수소충전시설 수소발전시설 ,,일반사항 공원을 깨끗하게 이용합니다. 대중교통을 이용해 주세요. 기념물 시설물 풀과 나무를 보호합니다. 야생동물보호를 위해 음식물 반입을 금지합니다. 야영 취사행위 및 불을 피우지 않습니다. 애완동물은 생태계 보전과 대중의 이용에 불편함이 없도록 출입을 자제하여 주시기 바랍니다. 음주/가무/소란행위를 하지 않습니다. 쓰레기는 되가져 가시기 바랍니다 ,마포구,서울특별시 마포구 하늘공원로 84(월드컵공원),서부공원여가센터,02-300-5501,http://parks.seoul.go.kr/file/info/view.do?fIdx=1888,126.878907,37.571805,76.4944602118598,40.17499923706055,96.384765625,56.20976638793945,0.5620976638793945,2.9535236767873724e-05,0.47029745029693254,0.47029745029693254,0.32921707577888315,medium
광화문시민열린마당,1999.1.1,8948.1,조 경 시 설 : 육조상징벽 6개소 전통담장 4개소 열주 22조 화계6개소 편 익 시 설 : 화강석의자 35조 관 리 시 설 : 광장등 4본 정원등 23본 투사등 28본 열주내장등 22본 기 반 시 설 : 열린마당 3280㎡ 육조마당 920㎡ 휴게마당 1670㎡ 녹지대 3078㎡ 대형전용 주차장 : 9면 ,수 목 : 소나무 느티나무 배롱나무등 27종 5535주 초 화 : 맥문동 꽃창포 수련등 3692본 ,일반사항 공원을 깨끗하게 이용합니다. 대중교통을 이용해 주세요. 기념물 시설물 풀과 나무를 보호합니다. 야생동물보호를 위해 음식물 반입을 금지합니다. 야영 취사행위 및 불을 피우지 않습니다. 애완동물은 생태계 보전과 대중의 이용에 불편함이 없도록 출입을 자제하여 주시기 바랍니다. 음주/가무/소란행위를 하지 않습니다. 쓰레기는 되가져 가시기 바랍니다. ,종로구,서울특별시 종로구 세종로 76-2,종로구청 도시녹지과,02-2148-2843,http://parks.seoul.go.kr/file/info/view.do?fIdx=1890,126.9780227,37.5750449,31.047290166219074,29.8080883026123,32.99895858764648,3.190870285034176,0.0319087028503417,1.1561667572877798e-07,0.019730417597794793,0.01973041759779475,0.013811327003459061,easy
진관근린공원(구파발폭포),1997.10.1,7.0,폭포 야외무대,수 목 : 소나무 잣나무 주목 느티나무 은행나무 등 29종 6515주 초 화 : 구절초 참나리 비비추 돌나물 벌개미취 등 7종 4358본 ,일반사항 공원을 깨끗하게 이용합니다. 대중교통을 이용해 주세요. 기념물 시설물 풀과 나무를 보호합니다. 야생동물보호를 위해 음식물 반입을 금지합니다. 야영 취사행위 및 불을 피우지 않습니다. 애완동물은 생태계 보전과 대중의 이용에 불편함이 없도록 출입을 자제하여 주시기 바랍니다. 음주/가무/소란행위를 하지 않습니다. 쓰레기는 되가져 가시기 바랍니다. ,은평구,서울특별시 은평구 진관동 393,은평구청 공원녹지과,02-351-8004,http://parks.seoul.go.kr/file/info/view.do?fIdx=1891,126.9192155,37.6370244,43.77451494004991,29.32997703552246,71.88651275634766,42.5565357208252,0.4255653572082519,0.0,0.35426908907834725,0.35426908907834714,0.24798836235484303,easy
중마루근린공원,1997.11.25 ,6456.0,기반시설 : 광장 200㎡ 산책 등산로 0.50㎞ 편익시설 : 광장  의자 휴지통 음수대 공원등 등 편익시설 : 파고라 연못 1개소(150㎡) 그늘시렁 등 휴양시설 : 정자,수 목 : 소나무 느티나무 외 43종 3580주 초 화 : 비비추 옥잠화외 25종 11580본,일반사항 공원을 깨끗하게 이용합니다. 대중교통을 이용해 주세요. 기념물 시설물 풀과 나무를 보호합니다. 야생동물보호를 위해 음식물 반입을 금지합니다. 야영 취사행위 및 불을 피우지 않습니다. 애완동물은 생태계 보전과 대중의 이용에 불편함이 없도록 출입을 자제하여 주시기 바랍니다. 음주/가무/소란행위를 하지 않습니다. 쓰레기는 되가져 가시기 바랍니다. ,영등포구,서울특별시 영등포구 영등포동2가 222,영등포구청 정원도시과,02-2670-3760,http://parks.seoul.go.kr/file/info/view.do?fIdx=1893,126.9112668,37.519832,9.135048230489096,7.858598709106445,10.65021324157715,2.791614532470705,0.027916145324707,8.339152249442341e-08,0.016337448431265375,0.016337448431265344,0.011436238919342503,easy
응봉공원 (대현산배수지공원),2002.10.31. ,75570.0,조경시설 : 파고라 외 222소  운동시설 : 잔디광장 테니스장 2면 게이트볼장 배드민턴장 6면 다목적경기장 등  편익시설 : 음수대 화장실 2동 등  기타시설 : 관리동 등 ,아까시나무 소나무 살구나무 개나리,일반사항 공원을 깨끗하게 이용합니다. 대중교통을 이용해 주세요. 기념물 시설물 풀과 나무를 보호합니다. 야생동물보호를 위해 음식물 반입을 금지합니다. 야영 취사행위 및 불을 피우지 않습니다. 애완동물은 생태계 보전과 대중의 이용에 불편함이 없도록 출입을 자제하여 주시기 바랍니다. 음주/가무/소란행위를 하지 않습니다. 쓰레기는 되가져 가시기 바랍니다. ,성동구,서울특별시 성동구 금호동1가 산1-72,"동부공원여가센터 서울숲관리사무소 (성동구청, 중구청 별도 관리)",02-2293-7646,http://parks.seoul.go.kr/file/info/view.do?fIdx=1894,127.0217653,37.5572281,74.66289520263672,67.08584594726562,77.28328704833984,10.19744110107422,0.1019744110107421,9.770993354390008e-07,0.0792739021669982,0.07927390216699813,0.055492024646699355,easy
매화근린공원,1998.6.18 ,1980.4,상징조형물 팔각정자 사각파고라 음수전 ,소나무 느티나무 등 29종 9912주  ,일반사항 공원을 깨끗하게 이용합니다. 대중교통을 이용해 주세요. 기념물 시설물 풀과 나무를 보호합니다. 야생동물보호를 위해 음식물 반입을 금지합니다. 야영 취사행위 및 불을 피우지 않습니다. 애완동물은 생태계 보전과 대중의 이용에 불편함이 없도록 출입을 자제하여 주시기 바랍니다. 음주/가무/소란행위를 하지 않습니다. 쓰레기는 되가져 가시기 바랍니다. ,강서구,서울특별시 강서구 등촌동 630-14,강서구청 공원녹지과,02-2600-4181,http://parks.seoul.go.kr/file/info/view.do?fIdx=1895,126.86115,37.5575833,8.90969435373942,8.242908477783203,9.618134498596191,1.3752260208129885,0.0137522602081298,2.5517883468831628e-08,0.004300646163483059,0.004300646163482995,0.003010459969803163,easy
성수근린공원,1998.5.28 ,5197.7,조경시설 : 그늘시렁 1개소 돌담 2개소(251.31M) 돌담 장식대 84개소 운동시설 : 농구장 176.6㎡ 편익시설 : 음수대 1개소 벤치 25개소 광장 706㎡ 관리시설 : 공원등 24본,수 목 : 소나무 계수나무 감나무 등 20종 2844주 초 화 : 수호초 꽃잔디 애기나리 등 13종 9980본 ,일반사항 공원을 깨끗하게 이용합니다. 대중교통을 이용해 주세요. 기념물 시설물 풀과 나무를 보호합니다. 야생동물보호를 위해 음식물 반입을 금지합니다. 야영 취사행위 및 불을 피우지 않습니다. 애완동물은 생태계 보전과 대중의 이용에 불편함이 없도록 출입을 자제하여 주시기 바랍니다. 음주/가무/소란행위를 하지 않습니다. 쓰레기는 되가져 가시기 바랍니다.,성동구,서울특별시 성동구 성수2가 3동 302-25,성동구청 공원녹지과,02-2286-5655,http://parks.seoul.go.kr/file/info/view.do?fIdx=1896,127.0524023,37.5448144,11.278886159261068,10.81441879272461,11.68358135223389,0.8691625595092809,0.0086916255950928,6.712054207036806e-08,0.0,0.0,2.0136162621110418e-08,easy
샛마을근린공원,1999.5.31,11467.0,농구대 2개소 체력단련시설 놀이터 다목적운동장,느티나무 단풍나무 등 28종 10197주 원추리 수호초 맥문동 등 3종 5710본,일반사항 공원을 깨끗하게 이용합니다. 대중교통을 이용해 주세요. 기념물 시설물 풀과 나무를 보호합니다. 야생동물보호를 위해 음식물 반입을 금지합니다. 야영 취사행위 및 불을 피우지 않습니다. 애완동물은 생태계 보전과 대중의 이용에 불편함이 없도록 출입을 자제하여 주시기 바랍니다. 음주/가무/소란행위를 하지 않습니다. 쓰레기는 되가져 가시기 바랍니다. ,강동구,서울특별시 강동구 명일1동 288,강동구청 푸른도시과,02-3425-8820,http://parks.seoul.go.kr/file/info/view.do?fIdx=1897,127.1471618,37.5504807,30.027867211235893,26.6457405090332,34.90280914306641,8.257068634033214,0.0825706863403321,1.4818837769981274e-07,0.06278416116769692,0.0627841611676969,0.04394895727390115,easy
여의도근린공원,1999.1.24 ,229539.0,건축물 : 8동 - 관리사무실(7.9㎡) 편의점3동(각 29.7㎡) 화장실7동(각104.28㎡)팔각정(27.72㎡) 사모정(8.91㎡) 공원지구대(264㎡) 공원파출소     - 자전거 도로 : 2.4km(폭4~6m) 산책로 : 3.9km(폭 2m)     - 한강둔치 연결 지하보도 : 120m(높이 2.5m 폭 8m)     - 공원등 : 334개소     - 스프링클러 : 6.4km 155개소     - 광장 : 24735㎡(7482평)     - 자전거보관대 : 2개소(16대)     - 연못 : 3개소 4848㎡( 지당연못 3530㎡ 생태연못 730㎡ 잔디마당연못 588㎡) ,수 목 : 소나무 느티나무 은행나무 마가목 자작나무 무궁화 좀작살 라일락 산수유 구상나무 계수나무 모과나무 정향나무 등 교목 87종 13863주 관목 45종 205051주     - 초 화 : 32종 342866본    ,일반사항 공원을 깨끗하게 이용합니다. 대중교통을 이용해 주세요. 기념물 시설물 풀과 나무를 보호합니다. 야생동물보호를 위해 음식물 반입을 금지합니다. 야영 취사행위 및 불을 피우지 않습니다. 애완동물은 생태계 보전과 대중의 이용에 불편함이 없도록 출입을 자제하여 주시기 바랍니다. 음주/가무/소란행위를 하지 않습니다. 쓰레기는 되가져 가시기 바랍니다. ,영등포구,서울특별시 영등포구 여의공원로 68 (여의도동),서부공원여가센터,02-761-4078~9,http://parks.seoul.go.kr/file/info/view.do?fIdx=1898,126.922377,37.526129,11.543373531765408,9.83318042755127,13.74035930633545,3.90717887878418,0.0390717887878417,2.968060620435726e-06,0.025817776281317928,0.025817776281317855,0.018073333815108658,easy
간데메근린공원,1996,15179.7,"화장실 1동, 팔각정 1개, 파고라 4동, 자전거보관대 1개소, 운동기구 12개, 놀이시설 3대, 조합놀이대 1대, 관리사무소 등","소나무, 섬잣나무, 맥문동, 줄사철 등",일반사항 공원을 깨끗하게 이용합니다. 대중교통을 이용해 주세요. 기념물 시설물 풀과 나무를 보호합니다. 야생동물보호를 위해 음식물 반입을 금지합니다. 야영 취사행위 및 불을 피우지 않습니다. 애완동물은 생태계 보전과 대중의 이용에 불편함이 없도록 출입을 자제하여 주시기 바랍니다. 음주/가무/소란행위를 하지 않습니다. 쓰레기는 되가져 가시기 바랍니다. ,동대문구,서울특별시 동대문구 서울시립대로2길 59(간데메공원),동대문구청 정원도시과,02-2127-4772,http://parks.seoul.go.kr/file/info/view.do?fIdx=1899,127.0488644,37.5732438,14.644054306877983,11.7850227355957,17.86861801147461,6.08359527587891,0.0608359527587891,1.9619701556072853e-07,0.044313474042610726,0.04431347404261074,0.03101949068893218,easy
훈련원근린공원,1997.6.30,17927.9,광장 2개소 야외의자 36기 운동기구 9기 종합체육관 화장실 등,수 목 : 소나무 등 26종 22771주 초화류 : 비비추 맥문동 새덤 등 9600본 잔디 9029㎡ ,일반사항 공원을 깨끗하게 이용합니다. 대중교통을 이용해 주세요. 기념물 시설물 풀과 나무를 보호합니다. 반려동물 동반 시 목줄 착용 및 배변 수거하여 주세요 . 야영 취사행위 및 불을 피우지 않습니다. 행상 또는 노점에 의한 상행위를 하지 않습니다. 이륜 이상의 바퀴가 있는 동력장치 출입을 제한합니다(장애인 또는 노약자 제외). 무단 경작 및 무단 채취를 하지 않습니다. 음주/가무/흡연/소란행위를 하지 않습니다. 쓰레기는 되가져 가시기 바랍니다. ,중구,서울특별시 중구 을지로 227,중구청 공원녹지과 ,02-3396-5852,https://parks.seoul.go.kr/file/info/view.do?fIdx=229887,127.0038188,37.5675245,20.26587592230903,18.8996467590332,21.5210075378418,2.621360778808601,0.026213607788086,2.3173377817806058e-07,0.014890592041714468,0.01489059204171447,0.010423483949333581,easy
영등포근린공원,1998.7.8,61544.0,관리시설 : 관리사무소 공원등 안내판 조경시설 : 음악분수 파고라 연못 개울 벽천 잔디밭 운동시설 : 농구장 배드민턴장 풋살경기장 편익시설 : 주차장 공중전화 음수전 화장실 의자 휴양시설 : 야외정자,수 목 : 소나무 층층나무 등 56종 50551주 초 화 : 옥잠화 각시붓꽃 등 38종 26945본,일반사항 공원을 깨끗하게 이용합니다. 대중교통을 이용해 주세요. 기념물 시설물 풀과 나무를 보호합니다. 야생동물보호를 위해 음식물 반입을 금지합니다. 야영 취사행위 및 불을 피우지 않습니다. 애완동물은 생태계 보전과 대중의 이용에 불편함이 없도록 출입을 자제하여 주시기 바랍니다. 음주/가무/소란행위를 하지 않습니다. 쓰레기는 되가져 가시기 바랍니다. ,영등포구,서울특별시 영등포구 신길로 275,영등포구청 정원도시과,02-2670-3764,,126.910662,37.515423,14.241150538126629,11.2500171661377,16.45780944824219,5.20779228210449,0.0520779228210449,7.95730209294361e-07,0.03687069448401599,0.036870694484015996,0.025809724857873983,easy
보라매공원,1986.5.5,406705.0,"조경시설: 잔디마당, 수경시설(연못, 벽천 등), 철쭉동산 등 운동시설: 중앙트랙, 인조잔디축구장, 테니스장, 다목적운동장, 배드민턴장, 인공암벽등반장, 게이트볼장, 맨발길, 야외운동기구(평행봉 등 28종), 농구장, X-game장, 인라인스케이트장, 편익시설:주차장, 매점, 음수대, 그늘막, 화장실, 벤치 유희시설: 풍경놀이터, 어린이놀이터, 바닥분수, 테마물놀이터, 에어파크 교양시설:서울시립보라매청소년센터, 보라매안전체험관 기타시설:서울시립관악노인종합복지관, 서울시립발달장애인복지관, 서울시립남부장애인종합복지관, 동작경찰서 보라매파견소 등",은행 느티 버즘 모감주 소나무 병꽃나무 등 105종 334671주,"공원을 깨끗하게 이용해주세요. 대중교통을 이용해 주세요. 기념물, 시설물, 풀과 나무를 보호합니다. 야생동물보호를 위해 음식물 반입을 금지합니다. 야영 취사행위 및 불을 피우지 않습니다. 반려동물 동반시 환경보호와 대중의 이용에 불편함이 없도록 서로 배려하는 마음으로 이용하여 주시기 바랍니다. 음주/가무/소란행위를 하지 않습니다. 쓰레기는 되가져 가시기 바랍니다. ",동작구,서울특별시 동작구 여의대방로20길 33(보라매공원),서부공원여가센터 보라매공원관리사무소,02-2181-1113~4,http://parks.seoul.go.kr/file/info/view.do?fIdx=1902,126.918289,37.492333,16.550455305311417,14.8261079788208,19.87143516540527,5.045327186584469,0.0504532718658446,5.2589805265059724e-06,0.03549002794083561,0.03549002794083554,0.02484459725274286,easy
어린이대공원,1973.5.5 ,536094.5,교양시설：46개소(야외음악당 등) 조경시설：7개소(분수대 등) 유희시설：4종(놀이동산 등)   편익시설：24개소(식당 등) 동물원：53종 519마리 식물원：222종 5015본 ,"수목：157종 412,417주",일반사항 차량 오토바이 자전거 퀵보드 인라인 스케이트 등은 출입을 금지합니다. (사전 승인을 받은 관리차량 제외) 애완동물은 수용동물 안전 및 전염병 예방을 위해 들어갈 수 없습니다. 동물들에게 음식을 주지 마세요. 공원내 주류 및 취사 도구의 반입을 금지합니다. 공원에서는 행상 또는 노점에 의한 상행위 노숙을 할 수 없습니다. 공원시설 나무 꽃 등을 훼손하거나 열매를 채취하지 마세요. (위반시 과태료 부과) 시설 이용시 안전이 최우선! 무리한 이용 및 위험한 행동을 하지 마세요. 행사 등 시설 예약은 서울어린이대공원으로 신청하세요. 쓰레기는 반드시 지정된 장소에 버려주시기 바랍니다. ,광진구,서울특별시 광진구 능동로 216(서울어린이대공원),서울시설공단,02-450-9311,http://parks.seoul.go.kr/file/info/view.do?fIdx=1903,127.0809212,37.5498987,29.31420834859212,21.36186027526855,40.93564987182617,19.57378959655762,0.1957378959655762,6.932106189367222e-06,0.15895631409355435,0.15895631409355435,0.11127149949734486,easy
천호근린공원,1998.6.20 ,26696.8,기반시설 : 광장   조경시설 : 연못 1개소   운동시설 : 배드민턴장 농구장 족구장 체력단련시설 등 교양시설 : 야외무대 1개소  편의시설 : 벤치(등받이) 벤치 팔각정자 1개소 평상  원형테이블 피크닉테이블 음수대,수 목 : 소나무 잣나무 대추나무 감나무 등 72종 11 876주 초 화 : 꽃창포 구절포 비비추 복수초 맥문동 등 33종 19680본 ,일반사항 공원을 깨끗하게 이용합니다. 대중교통을 이용해 주세요. 기념물 시설물 풀과 나무를 보호합니다. 야생동물보호를 위해 음식물 반입을 금지합니다. 야영 취사행위 및 불을 피우지 않습니다. 애완동물은 생태계 보전과 대중의 이용에 불편함이 없도록 출입을 자제하여 주시기 바랍니다. 음주/가무/소란행위를 하지 않습니다. 쓰레기는 되가져 가시기 바랍니다. ,강동구,서울특별시 강동구 올림픽로 702(천호공원),동부공원여가센터 공원운영과,02-474-2770/ 02-489-2776,http://parks.seoul.go.kr/file/info/view.do?fIdx=1904,127.1263451,37.5444741,16.760391765170628,15.76643562316895,18.03718757629395,2.2707519531249982,0.0227075195312499,3.451237489644382e-07,0.0119110358864943,0.01191103588649424,0.00833782865767068,easy
용산가족공원,1992.11.5 ,75900.0,조경시설 : 잔디광장 연못 4개소(6740㎡) 정자3 원두막2 자연학습장 맨발공원 태극기공원 운동시설 : 철봉 평행봉 역기 윗몸일으키기 등배치기 등 13점 편익시설 : 주차장(50대) 음수대 공중전화 화장실 벤치 자동판매기 교양시설 : 국제조각품 9점 기타시설 : 야외예식장 빗물펌프장 공원가로등(59본 118등),수 목 : 은행 느티 버즘 잣나무 산사 구상나무 등 70종 45000주 동 물 : 호로새 공작 토끼 등 5종 33수 ,일반사항 공원을 깨끗하게 이용합니다. 대중교통을 이용해 주세요. 기념물 시설물 풀과 나무를 보호합니다. 야생동물보호를 위해 음식물 반입을 금지합니다. 야영 취사행위 및 불을 피우지 않습니다. 애완동물은 생태계 보전과 대중의 이용에 불편함이 없도록 출입을 자제하여 주시기 바랍니다. 음주/가무/소란행위를 하지 않습니다. 쓰레기는 되가져 가시기 바랍니다. ,용산구,서울특별시 용산구 서빙고로 185,중부공원여가센터,02-792-5660,http://parks.seoul.go.kr/file/info/view.do?fIdx=1905,126.983335,37.522226,17.602847841050888,13.78819561004639,23.6252498626709,9.837054252624508,0.098370542526245,9.813665400324509e-07,0.07621125007755036,0.07621125007755031,0.05334816946424725,easy
독립근린공원,1992.8.15,113021.7,방문자센터(관리사무소 위치) 순국선열추념탑 서재필선생동상 독립관(순국선열 위패봉안소) 3?1독립선언기념탑 독립문 형무소 역사관 이진아기념도서관 ,,서대문독립공원 개방시간 : 24시간 연중무휴 관람시 유의사항 화단과 관람지역 외의 출입을 제한합니다.(잔디휴식년제를 적용하고 있으므로 잔디출입을 삼가해주세요) 식물 씨앗 및 과실 등의 채취 및 반출을 제한합니다. 공원내에서는 취사행위를 할 수 없습니다.(가스버너등 화기를 이용한 조리행위 금지) 간단한 도시락은 가져올 수 있으나 단체배식후 잔반 및 쓰레기는 반드시 회수하여 가져가시기 바랍니다. 공원내 전 지역은 금연 구역입니다. 공원내에서는 대형 에드벌룬 무인조종항공기(드론 포함)를 설치 조작할수 없습니다. (http://www.cdc.mil.kr/popup/aoc/index.html) 비행금지 구역으로 경찰조사를 받으실 수 있으니 유의하시기 바랍니다. 애완견은 목줄착용 및 배변봉투를 지참하시기 바랍니다. 공원 주변 아파트가 인접하여 고성방가를 할 수 없습니다. (단체로 노래 및 박수를 치는 행위 종교행사 엠프 악기연주 확성기를 이용한 행위 금지) 공원내 차량/오토바이 진입을 통제하고 있습니다. 개인이 가져오신 쓰레기는 반드시 되가져 가시고 귀가 시에는 주변을 정리정돈 해주시기 바랍니다 프로그램 예약신청은 인터넷으로만 가능  유모차 휠체어 대여시 방문자센터내 공원관리사무소로 방문하시면 가능합니다. 형무소 역사관은 서대문구 도시관리공단에서 관리하고 있으며 별도로 문의하시기 바랍니다. (홈페이지 : http://sscmc.or.kr  전화번호 : 363-9750),서대문구,서울특별시 서대문구 통일로251(독립공원),서부공원여가센터 독립공원,02-364-4686,http://parks.seoul.go.kr/file/info/view.do?fIdx=1907,126.956771,37.5738289,55.02138476901584,47.93118667602539,64.67413330078125,16.74294662475586,0.1674294662475585,1.4613843847496532e-06,0.13489914558204255,0.13489914558204247,0.09442984032274518,easy
낙산근린공원,2002.6.12,201779.0,기반시설 : 관리도로 2920m 산책로 1010m 주차장 640㎡ 교양시설 : 역사탐방로 935m 비우당 27㎡ 홍덕이밭 50㎡ 건축시설 : 5동(전시및관리실 매점및화장실 비우당 육각정자 노인정) 운동시설 : 배드민턴장 12면 농구장 1면 편익시설 : 파고라 5종 의자 117개 음수대(6) 화장실2 광 장 : 5개소(중앙광장 놀이광장 전망광장 3개소) 기타시설 : 안내판 등 29개 ,수목식재 : 소나무 등 47종 107603주 지피식물 : 구절초 등 11종 43075본 ,일반사항 공원을 깨끗하게 이용합니다. 대중교통을 이용해 주세요. 기념물 시설물 풀과 나무를 보호합니다. 야생동물보호를 위해 음식물 반입을 금지합니다. 야영 취사행위 및 불을 피우지 않습니다. 애완동물은 생태계 보전과 대중의 이용에 불편함이 없도록 출입을 자제하여 주시기 바랍니다. 음주/가무/소란행위를 하지 않습니다. 쓰레기는 되가져 가시기 바랍니다. ,종로구,서울특별시 종로구 낙산길 41 (우) 03085,중부공원여가센터,02-743-7985~6,http://parks.seoul.go.kr/file/info/view.do?fIdx=1908,127.007587,37.580477,89.30724504258897,55.63004684448242,118.0654525756836,62.43540573120117,0.6243540573120118,2.609098197665499e-06,0.5232043957773522,0.5232043957773522,0.36624385977360585,medium
매헌시민의숲,1986.11.30,258991.0,"조경시설 : 잔디광장, 파고라, 정자 운동시설 : 배구장(족구장 겸용), 농구장, 테니스장 등 편익시설 : 음수대, 화장실 5개소 등 기      타 : 야외 예식장, 윤봉길의사 기념관, 윤봉길 의사 동상,  백마부대 충혼탑,대한항공 858편 위령탑, 삼풍백화점 희생자 위령탑, 우면산 산사태 희상자 추모비 등",수 목 : 소나무 느티나무 당단풍 칠엽수 잣나무 등 43종 94800주,일반사항 공원을 깨끗하게 이용합니다. 대중교통을 이용해 주세요. 기념물 시설물 풀과 나무를 보호합니다. 야생동물보호를 위해 음식물 반입을 금지합니다. 야영 취사행위 및 불을 피우지 않습니다. 애완동물은 생태계 보전과 대중의 이용에 불편함이 없도록 출입을 자제하여 주시기 바랍니다. 음주/가무/소란행위를 하지 않습니다. 쓰레기는 되가져 가시기 바랍니다. ,서초구,서울특별시 서초구 매헌로 99 (양재동),동부공원여가센터 조경지원과 (문화예술공원 서초구청 별도 관리),02-575-3895/ 02-578-7089,http://parks.seoul.go.kr/file/info/view.do?fIdx=1909,127.035042,37.471225,19.848683675130207,16.96373176574707,26.84043884277344,9.87670707702637,0.0987670707702637,3.3489021649396425e-06,0.0765482290933754,0.07654822909337541,0.05358476503601227,easy
관악산공원,1968.1.15,14278901.5,낙성대 연주대 삼막사 관음사 관악산호수,특산식물 : 소사나무 호랑버들 매화말발도리 산앵도 산개나리 병꽃나무 회양목 긴잎회양목 산구절초 할미밀빵 토현삼 등 11종 희귀식물 : 산구절초 박주가리 용담 노루발풀 천연기념물 : 노거수 굴참나무 은행 느티 회나무 ,공원을 깨끗하게 이용합니다. 대중교통을 이용해 주세요. 기념물 시설물 풀과 나무를 보호합니다. 야생동물보호를 위해 음식물 반입을 금지합니다. 야영 취사행위 및 불을 피우지 않습니다. 애완동물은 생태계 보전과 대중의 이용에 불편함이 없도록 출입을 자제하여 주시기 바랍니다. 음주/가무/소란행위를 하지 않습니다. 쓰레기는 되가져 가시기 바랍니다.     코스설명   구 분   거 리   소요시간   경 로    제1등산로   4.5km   140분   관음사▶돼지바위▶연주대    제2등산로   3.8km   120분   제1광장▶아카시아동산▶제4야영장▶연주샘  ▶깔딱고개▶연주대    제3등산로   0.9km   15분   제4야영장▶삼거리▶무너미고개    제4등산로   1.9km   65분   제2광장▶철쭉동산▶삼막정▶삼거리▶깔딱고개    제5등산로   0.8km   25분   철쭉동산▶제2깔딱고개▶제4야영장    제6등산로   2.8km   70분   경로구역▶돌산▶용암천▶국기봉▶제1야영장    제7등산로   1.5km   55분   활터▶제3야영장▶제2야영장▶제1야영장    제8등산로   1.4km   50분   삼성산▶성지▶삼호약수▶송암약수▶제1야영장    제9등산로   1.2km   40분   삼거리약수터▶거북바위▶삼막사정상    ,관악구,서울특별시 관악구 관악로 1(관악산공원),관악구청 공원녹지정책과,02-879-6521,http://parks.seoul.go.kr/file/info/view.do?fIdx=1910,126.96413,37.445208,560.934095594618,531.3629150390625,602.837890625,71.4749755859375,0.714749755859375,0.0001846392854539074,0.600024783708853,0.600024783708853,0.4200727403818333,medium
효창근린공원,1940.3.12,171277.0,관리시설 : 관리사무소 공원등 안내판 편의시설 : 매점 공중전화 화장실 음수대 야외탁자 의자 시계탑 조경시설 : 자연학습장 연못 데크로드 운동시설 : 농구장 배드민턴장 게이트볼장 체력단련시설 유희시설 : 어린이놀이터 휴양시설 : 정자 파고라 교양(사적)시설 : 의열사 백범김구선생 묘역 삼의사묘역 임정요인묘역 백범기념관 이봉창의사 동상 반공투사 위령탑 원효대사상,수목 : 소나무 백철쭉 등 70여종 115139주 교목 : 소나무 등 30여종 34192주 관목 : 백철쭉 등 40여종 80947주 초화류 : 맥문동 등 30여종 570463본,일반사항 공원을 깨끗하게 이용합니다. 대중교통을 이용해 주세요. 기념물 시설물 풀과 나무를 보호합니다. 야생동물보호를 위해 음식물 반입을 금지합니다. 야영 취사행위 및 불을 피우지 않습니다. 애완동물은 생태계 보전과 대중의 이용에 불편함이 없도록 출입을 자제하여 주시기 바랍니다. 음주/가무/소란행위를 하지 않습니다. 쓰레기는 되가져 가시기 바랍니다. ,용산구,서울특별시 용산구 효창원로 177-18,용산구청 공원녹지과,02-2199-7607,http://parks.seoul.go.kr/file/info/view.do?fIdx=1912,126.95993,37.545234,47.98158921135797,29.57613945007324,62.18137359619141,32.60523414611818,0.3260523414611818,2.2146791840006044e-06,0.26970059083373166,0.26970059083373166,0.18879107798736736,easy
감로천생태공원(관악산),2002.7.15,15000.0,생태연못 3개소 감로천별빛다리 목재데크길 야외운동기구 등,수 목 : 물철쭉 진달래 생강나무 단풍나무 ,일반사항 공원을 깨끗하게 이용합니다. 대중교통을 이용해 주세요. 기념물 시설물 풀과 나무를 보호합니다. 야생동물보호를 위해 음식물 반입을 금지합니다. 야영 취사행위 및 불을 피우지 않습니다. 애완동물은 생태계 보전과 대중의 이용에 불편함이 없도록 출입을 자제하여 주시기 바랍니다. 음주/가무/소란행위를 하지 않습니다. 쓰레기는 되가져 가시기 바랍니다. ,금천구,서울특별시 금천구 독산동 373 일대,금천구 공원녹지과,02-2627-1655,http://parks.seoul.go.kr/file/info/view.do?fIdx=1913,126.9079509,37.469625,60.14982138739692,39.79666900634766,75.29043579101562,35.49376678466796,0.3549376678466796,1.9387332869574977e-07,0.2942480196840028,0.2942480196840029,0.2059736719408006,easy
개운산근린공원,1995.5.3,297926.0,공원이용지원센터 화장실 산책로(산마루길 목재데크산책로 오솔길 등) 자연학습장 지압보도 축구장 배드민턴장 족구장 정자 등,수 목 : 잣나무 참나무류 팥배나무 산벚나무,일반사항 공원을 깨끗하게 이용합니다. 대중교통을 이용해 주세요. 기념물 시설물 풀과 나무를 보호합니다. 야생동물보호를 위해 음식물 반입을 금지합니다. 야영 취사행위 및 불을 피우지 않습니다. 애완동물은 생태계 보전과 대중의 이용에 불편함이 없도록 출입을 자제하여 주시기 바랍니다. 음주/가무/소란행위를 하지 않습니다. 쓰레기는 되가져 가시기 바랍니다. ,성북구,서울특별시 성북구 북악산로 949-73(돈암동 6-1),성북구청 공원녹지과,02-2241-3667,http://parks.seoul.go.kr/file/info/view.do?fIdx=1914,127.0252858,37.5965837,120.9280497233073,99.19744110107422,132.2501831054688,33.05274200439459,0.3305274200439458,3.852367652351702e-06,0.27350361772855414,0.2735036177285541,0.19145368812028357,easy
개웅산근린공원,1971.8.6,411972.0,배드민턴장 철봉 허리돌리기 역기 등 운동기구,,일반사항 공원을 깨끗하게 이용합니다. 대중교통을 이용해 주세요. 기념물 시설물 풀과 나무를 보호합니다. 야생동물보호를 위해 음식물 반입을 금지합니다. 야영 취사행위 및 불을 피우지 않습니다. 애완동물은 생태계 보전과 대중의 이용에 불편함이 없도록 출입을 자제하여 주시기 바랍니다. 음주/가무/소란행위를 하지 않습니다. 쓰레기는 되가져 가시기 바랍니다 ,구로구,서울특별시 구로구 오류동 산13-1,구로구청 공원녹지과,02-860-3165,http://parks.seoul.go.kr/file/info/view.do?fIdx=1915,126.8485734,37.4888943,82.47255410088434,45.25786972045898,117.6028518676758,72.34498214721683,0.7234498214721683,5.327087698002038e-06,0.6074183038225796,0.6074183038225797,0.4251944108021151,medium
경희궁,2002,98470.0,자정전 흥화문 (서울특별시 유형문화재 제19호) 숭정전,,일반사항 공원을 깨끗하게 이용합니다. 대중교통을 이용해 주세요. 기념물 시설물 풀과 나무를 보호합니다. 야생동물보호를 위해 음식물 반입을 금지합니다. 야영 취사행위 및 불을 피우지 않습니다. 애완동물은 생태계 보전과 대중의 이용에 불편함이 없도록 출입을 자제하여 주시기 바랍니다. 음주/가무/소란행위를 하지 않습니다. 쓰레기는 되가져 가시기 바랍니다. ,종로구,서울특별시 종로구 새문안로 55(신문로2가 2-1),종로구청 도시녹지과,02-2148-2842,http://parks.seoul.go.kr/file/info/view.do?fIdx=1918,126.9685341,37.570773,47.39017528957791,39.76689147949219,59.06483840942383,19.29794692993164,0.1929794692993164,1.2732174723784173e-06,0.15661213831984044,0.15661213831984044,0.10962887878913002,easy
국립서울현충원,1955.7.15,1433079.0,"현충탑, 현충관, 호국전시관, 충열대, 충성분수대, 무명용사 봉안실, 제1?2충혼당","소나무, 잣나무, 단풍나무, 배롱나무, 이팝나무, 산딸나무, 수양벚나무, 은행나무, 무궁화, 산수유","현충원 방문 시 유의사항1. 국립묘지 존엄을 훼손하는 행위 금지2. 고성방가, 음주가무, 유흥, 애완동물 동행, 쓰레기 투기, 세차, 흡연 금지3. 수렵, 과실 및 산채 채취, 수목류 훼손 금지4. 운전연습 또는 20km/h 이상 주행 및 일방통행지역 역주행 금지",동작구,"서울특별시 동작구 현충로 210(동작동, 국립서울현충원)",국립서울현충원,02-1522-1555,http://parks.seoul.go.kr/file/info/view.do?fIdx=1919,126.9736849,37.4998621,15.31886821322971,11.5295934677124,20.26206588745117,8.732472419738768,0.0873247241973876,1.853094370043857e-05,0.06682425420629096,0.06682425420629091,0.04678253722751379,easy
계남근린공원,1971.8.6,603715.2,"장군정(정상) 1동 다목적구장(실내 배드민턴장) 생태연결통로(계남1, 2공원 연결) 야외무대 약수터 3개소 각종 운동시설(게이트볼장 족구장 등) 화장실 2개동 ",소나무 참나무 잣나무,일반사항 공원을 깨끗하게 이용합니다. 대중교통을 이용해 주세요. 기념물 시설물 풀과 나무를 보호합니다. 야생동물보호를 위해 음식물 반입을 금지합니다. 야영 취사행위 및 불을 피우지 않습니다. 애완동물은 생태계 보전과 대중의 이용에 불편함이 없도록 출입을 자제하여 주시기 바랍니다. 음주/가무/소란행위를 하지 않습니다. 쓰레기는 되가져 가시기 바랍니다. ,양천구,서울특별시 양천구 신정동 산44-2일대,양천구청 공원녹지과,02-2620-3576,http://parks.seoul.go.kr/file/info/view.do?fIdx=1920,126.8479643,37.5138358,71.16315587361653,58.54172897338867,84.44662475585938,25.904895782470703,0.259048957824707,7.806504254980287e-06,0.21275954157594812,0.2127595415759481,0.14893402105444015,easy
고척근린공원,1988.12,108120.0,도서관 어린이놀이터 배드민턴장 테니스장 운동장 조깅트랙 구민체육센터 운동기구 농구장,소나무 섬잣나무 계수나무 36종 16462주,일반사항 공원을 깨끗하게 이용합니다. 대중교통을 이용해 주세요. 기념물 시설물 풀과 나무를 보호합니다. 야생동물보호를 위해 음식물 반입을 금지합니다. 야영 취사행위 및 불을 피우지 않습니다. 애완동물은 생태계 보전과 대중의 이용에 불편함이 없도록 출입을 자제하여 주시기 바랍니다. 음주/가무/소란행위를 하지 않습니다. 쓰레기는 되가져 가시기 바랍니다. ,구로구,서울특별시 구로구 고척로45길 39(고척공원),구로구청 공원녹지과,02-860-2396,http://parks.seoul.go.kr/file/info/view.do?fIdx=1921,126.8521495,37.5042944,27.091742409600155,21.89678764343262,30.57149124145508,8.674703598022461,0.0867470359802246,1.3980008794293067e-06,0.06633332119001838,0.06633332119001839,0.046433744233276696,easy
파리근린공원,1987.6.30  ,29619.3,분수(벽천 무지개 분수 곡사분수 바닥분수) 자수화단 야외무대 모형 에펠탑 각종 운동시설(건강라운지) 관리사무소(화장실) 1개동 등 ,,일반사항 공원을 깨끗하게 이용합니다. 대중교통을 이용해 주세요. 기념물 시설물 풀과 나무를 보호합니다. 야생동물보호를 위해 음식물 반입을 금지합니다. 야영 취사행위 및 불을 피우지 않습니다. 애완동물은 생태계 보전과 대중의 이용에 불편함이 없도록 출입을 자제하여 주시기 바랍니다. 음주/가무/소란행위를 하지 않습니다. 쓰레기는 되가져 가시기 바랍니다. ,양천구,서울특별시 양천구 목동동로 363 ,양천구청 공원녹지과,02-2620-3576,http://parks.seoul.go.kr/file/info/view.do?fIdx=1922,126.8763932,37.5349739,7.786269240909153,6.766369819641113,8.606450080871582,1.8400802612304688,0.0184008026123046,3.8291437146249254e-07,0.008251086688234733,0.008251086688234668,0.005775875556075732,easy
허준공원,1993.10.31 ,29843.8,연못(5100㎡) 정자 어린이 놀이 시설 허준 동상 음악분수 ,스트로브 잣나무 소나무 은행나무 느티나무 ,일반사항 공원을 깨끗하게 이용합니다. 대중교통을 이용해 주세요. 기념물 시설물 풀과 나무를 보호합니다. 야생동물보호를 위해 음식물 반입을 금지합니다. 야영 취사행위 및 불을 피우지 않습니다. 애완동물은 생태계 보전과 대중의 이용에 불편함이 없도록 출입을 자제하여 주시기 바랍니다. 음주/가무/소란행위를 하지 않습니다. 쓰레기는 되가져 가시기 바랍니다. ,강서구,서울특별시 강서구 허준로5길 42,강서구청 공원녹지과,02-2600-4186,http://parks.seoul.go.kr/file/info/view.do?fIdx=1923,126.8526745,37.5679874,9.76704602771335,4.659225463867188,13.51040935516357,8.851183891296383,0.0885118389129638,3.858173636783397e-07,0.06783309217574336,0.06783309217574335,0.047483280268229455,easy
궁동근린공원,1940.3.12,126026.0,조경시설 : 파고라 3동 편의시설 : 실내체육관 1동 정자 2동 평의자 30조 관리시설 : 종합안내판 1조 초화류안내판 2개 기반시설 : 도로 산책로 등 ,수목 : 왕벚나무 소나무 히말라야시더 배롱나무 대나무 스트로브잣나무 느티나무 대왕참나무 등 초화 : 맥문동 수호초 사사 세덤류 바위솔류,,서대문구,서울특별시 서대문구 성산로7길 19-24(궁동공원) ,서대문구청 푸른도시과,02-330-1965,http://parks.seoul.go.kr/file/info/view.do?fIdx=1924,126.9229851,37.5690506,74.40577824910481,38.95018768310547,104.59912109375,65.64893341064453,0.6564893341064453,1.6295419868545115e-06,0.550513708823272,0.550513708823272,0.3853600850388864,medium
궁산근린공원,1996.12.19 ,135002.7,소악루 양천고성지 양천향교 자연학습탐방로 사진촬영전망대 ,아까시나무 리기다소나무 현사시나무 잣나무 때죽나무 층층나무 등   ,일반사항 공원을 깨끗하게 이용합니다. 대중교통을 이용해 주세요. 기념물 시설물 풀과 나무를 보호합니다. 야생동물보호를 위해 음식물 반입을 금지합니다. 야영 취사행위 및 불을 피우지 않습니다. 애완동물은 생태계 보전과 대중의 이용에 불편함이 없도록 출입을 자제하여 주시기 바랍니다. 음주/가무/소란행위를 하지 않습니다. 쓰레기는 되가져 가시기 바랍니다. ,강서구,서울특별시 강서구 가양동 산4-7,강서구청 공원녹지과,02-2600-4185,http://parks.seoul.go.kr/file/info/view.do?fIdx=1925,126.838952,37.5735645,29.7396887673272,12.78449153900146,62.40167236328125,49.61718082427979,0.4961718082427979,1.745619003442462e-06,0.41427210964351713,0.41427210964351713,0.289991000436163,medium
까치산근린공원,1971.8.6 ,384026.0,임당 정공 신도비 ,리기다소나무 느티나무 아까시나무 때죽나무 상수리나무 ,일반사항 공원을 깨끗하게 이용합니다. 대중교통을 이용해 주세요. 기념물 시설물 풀과 나무를 보호합니다. 야생동물보호를 위해 음식물 반입을 금지합니다. 야영 취사행위 및 불을 피우지 않습니다. 애완동물은 생태계 보전과 대중의 이용에 불편함이 없도록 출입을 자제하여 주시기 바랍니다. 음주/가무/소란행위를 하지 않습니다. 쓰레기는 되가져 가시기 바랍니다. ,동작구,서울특별시 동작구 사당동 산32,동작구청 공원녹지과,02-820-1385,http://parks.seoul.go.kr/file/info/view.do?fIdx=1926,126.9640735,37.4845836,77.7445068359375,48.67225646972656,95.66728973388672,46.99503326416016,0.4699503326416016,4.9657201235518665e-06,0.3919884837609774,0.39198848376097734,0.2743934283487212,medium
꿩고개근린공원,1977.7.14 ,180000.0,게이트볼장 정자 지압로 약수터음수전 ,아까시나무 리기다소나무 상수리나무 등 ,일반사항 공원을 깨끗하게 이용합니다. 대중교통을 이용해 주세요. 기념물 시설물 풀과 나무를 보호합니다. 야생동물보호를 위해 음식물 반입을 금지합니다. 야영 취사행위 및 불을 피우지 않습니다. 애완동물은 생태계 보전과 대중의 이용에 불편함이 없도록 출입을 자제하여 주시기 바랍니다. 음주/가무/소란행위를 하지 않습니다. 쓰레기는 되가져 가시기 바랍니다. ,강서구,서울특별시 강서구 방화동 산110,강서구청 공원녹지과,02-2600-4186,http://parks.seoul.go.kr/file/info/view.do?fIdx=1927,126.8157075,37.5801585,39.86341794331869,21.00644493103027,73.01006317138672,52.003618240356445,0.5200361824035644,2.3274756254208023e-06,0.4345526153559877,0.4345526153559877,0.30418752899187906,medium
노량진공원,1993.4.17 ,415610.0,조깅트랙 다목적운동장 공군충혼탑 장애인운동시설 테니스장 산책로 ,소나무 느티나무 은행나무 상수리나무 아까시나무 계수나무 모과나무 회화나무 ,일반사항 공원을 깨끗하게 이용합니다. 대중교통을 이용해 주세요. 기념물 시설물 풀과 나무를 보호합니다. 야생동물보호를 위해 음식물 반입을 금지합니다. 야영 취사행위 및 불을 피우지 않습니다. 애완동물은 생태계 보전과 대중의 이용에 불편함이 없도록 출입을 자제하여 주시기 바랍니다. 음주/가무/소란행위를 하지 않습니다. 쓰레기는 되가져 가시기 바랍니다. ,동작구,서울특별시 동작구 대방동 519(여의대방로44길 39),동작구청 공원녹지과,02-820-1383,http://parks.seoul.go.kr/file/info/view.do?fIdx=1928,126.927319,37.507396,46.845787896050346,36.56012725830078,55.32414627075195,18.76401901245117,0.1876401901245117,5.374130395914072e-06,0.15207469346268085,0.15207469346268085,0.10645389766299537,easy
답십리근린공원,1998,160720.0,휴게소 5개소 그늘시렁 6동 종합체육시설 배드민턴장 문화회관,잣나무 소나무 아까시나무,일반사항 공원을 깨끗하게 이용합니다. 대중교통을 이용해 주세요. 기념물 시설물 풀과 나무를 보호합니다. 야생동물보호를 위해 음식물 반입을 금지합니다. 야영 취사행위 및 불을 피우지 않습니다. 애완동물은 생태계 보전과 대중의 이용에 불편함이 없도록 출입을 자제하여 주시기 바랍니다. 음주/가무/소란행위를 하지 않습니다. 쓰레기는 되가져 가시기 바랍니다. ,동대문구,서울특별시 동대문구 답십리로 209(답십리공원) ,동대문구청 정원도시과,02-2127-4772,http://parks.seoul.go.kr/file/info/view.do?fIdx=1929,127.0626512,37.507396,21.34516821967231,15.88875770568848,28.10045051574707,12.21169281005859,0.1221169281005859,2.0781674297792324e-06,0.09639148631784066,0.09639148631784068,0.0674746638727174,easy
대모산도시자연공원,1989.11.23 ,2277252.0,화장실 1동 약수터 1개소 편익시설 44개 다목적 운동장 1개소 ,소나무 느티나무 은행나무 상수리나무 회화나무주 ,일반사항 공원을 깨끗하게 이용합니다. 대중교통을 이용해 주세요. 기념물 시설물 풀과 나무를 보호합니다. 야생동물보호를 위해 음식물 반입을 금지합니다. 야영 취사행위 및 불을 피우지 않습니다. 애완동물은 생태계 보전과 대중의 이용에 불편함이 없도록 출입을 자제하여 주시기 바랍니다. 음주/가무/소란행위를 하지 않습니다. 쓰레기는 되가져 가시기 바랍니다. 주 등산로와 정류장(지하철버스) 연계현황 주 등산코스와 대중교통은 비교적 잘 연계되어 있으며 대중교통 하차 후 등산로에 접근할 수 있도록 하는 안내판 설치가 필요하여 현장조사 후 11월 중 설치예정임(2014. 주민참여예산 활용) ,강남구,서울특별시 강남구 광평로10길 30-71(대모산공원) ,강남구청 공원녹지과,02-3423-6283,http://parks.seoul.go.kr/file/info/view.do?fIdx=1930,127.0809639,37.4796489,95.88547854953342,66.89485931396484,122.0263671875,55.13150787353516,0.5513150787353516,2.9446879770943287e-05,0.4611341561692168,0.46113415616921677,0.322802743382383,medium
탑골근린공원,1971.8.6 ,19599.7,원각사지10층석탑 팔각정 3.1운동기념탑 손병희선생 동상 한용운선생 기념비 우물 편의시설 ,소나무 느티나무 등 29종 9912주 ,일반사항 공원을 깨끗하게 이용합니다. 대중교통을 이용해 주세요. 기념물 시설물 풀과 나무를 보호합니다. 야생동물보호를 위해 음식물 반입을 금지합니다. 야영 취사행위 및 불을 피우지 않습니다. 애완동물은 생태계 보전과 대중의 이용에 불편함이 없도록 출입을 자제하여 주시기 바랍니다. 음주/가무/소란행위를 하지 않습니다. 쓰레기는 되가져 가시기 바랍니다. ,종로구,서울특별시 종로구 종로 99,종로구청 도시녹지과,02-2148-2843,http://parks.seoul.go.kr/file/info/view.do?fIdx=1931,126.9882853,37.5710052,24.77908706665039,22.92717933654785,26.20108795166016,3.273908615112308,0.032739086151123,2.5335169526693903e-07,0.02043609683168486,0.020436096831684805,0.014305343787687965,easy
갈산근린공원,1971.8.6 ,138596.0,갈산정(정상) 1동 교통교육관 및 전시물 교통안전교육 체험장 어린이놀이터 멀티코트장 등 중심광장 전망대 각종 운동시설 ,,일반사항 공원을 깨끗하게 이용합니다. 대중교통을 이용해 주세요. 기념물 시설물 풀과 나무를 보호합니다. 야생동물보호를 위해 음식물 반입을 금지합니다. 야영 취사행위 및 불을 피우지 않습니다. 애완동물은 생태계 보전과 대중의 이용에 불편함이 없도록 출입을 자제하여 주시기 바랍니다. 음주/가무/소란행위를 하지 않습니다. 쓰레기는 되가져 가시기 바랍니다. ,양천구,서울특별시 양천구 신정동 162-56,양천구청 공원녹지과,02-2620-3576,http://parks.seoul.go.kr/file/info/view.do?fIdx=1932,126.8689146,37.5082119,40.0633299085829,18.02326393127441,70.09339141845703,52.07012748718262,0.5207012748718262,1.7920836890959292e-06,0.4351178265578837,0.4351178265578837,0.30458301621562534,medium
천마근린공원,2002.10.30 ,185295.0,어린이안전공원 축구장 배드민턴장 체력단련장 ,소나무군락(3.6%) 밤나무군락(3.9%) 현사시군락(5%) 아카시아군락(11%) 잣나무조림지(26%) ,일반사항 공원을 깨끗하게 이용합니다. 대중교통을 이용해 주세요. 기념물 시설물 풀과 나무를 보호합니다. 야생동물보호를 위해 음식물 반입을 금지합니다. 야영 취사행위 및 불을 피우지 않습니다. 애완동물은 생태계 보전과 대중의 이용에 불편함이 없도록 출입을 자제하여 주시기 바랍니다. 음주/가무/소란행위를 하지 않습니다. 쓰레기는 되가져 가시기 바랍니다. ,송파구,서울특별시 송파구 마천동 산 1-1,송파구청 공원녹지과,02-400-0978,http://parks.seoul.go.kr/file/info/view.do?fIdx=1936,127.1586644,37.5005173,63.32665125528971,52.90535354614258,97.88660430908205,44.98125076293945,0.4498125076293945,2.395944862761161e-06,0.37487488704792277,0.37487488704792277,0.26241313971700475,medium
도곡근린공원,1977.7.9,254648.0,배드민턴장 약수터 화장실 정자 다목적 운동장 ,상수리나무 신갈나무 소나무 오리나무 ,일반사항 공원을 깨끗하게 이용합니다. 대중교통을 이용해 주세요. 기념물 시설물 풀과 나무를 보호합니다. 야생동물보호를 위해 음식물 반입을 금지합니다. 야영 취사행위 및 불을 피우지 않습니다. 애완동물은 생태계 보전과 대중의 이용에 불편함이 없도록 출입을 자제하여 주시기 바랍니다. 음주/가무/소란행위를 하지 않습니다. 쓰레기는 되가져 가시기 바랍니다. ,강남구,서울특별시 강남구 도곡동 산31-1,강남구청 공원녹지과,02-3423-6248,http://parks.seoul.go.kr/file/info/view.do?fIdx=1937,127.0450338,37.4903127,64.87836244371202,27.115234375,91.21475219726562,64.09951782226562,0.6409951782226563,3.292743166305237e-06,0.5373464112107625,0.5373464112107627,0.3761434756704837,medium
도산근린공원,1997.8.6 ,29816.5,도산묘소 동상 도산기념관 화장실 그늘시렁 운동시설 ,은행나무 배롱나무 노각나무 화살나무 무궁화 ,일반사항 공원을 깨끗하게 이용합니다. 대중교통을 이용해 주세요. 기념물 시설물 풀과 나무를 보호합니다. 야생동물보호를 위해 음식물 반입을 금지합니다. 야영 취사행위 및 불을 피우지 않습니다. 애완동물은 생태계 보전과 대중의 이용에 불편함이 없도록 출입을 자제하여 주시기 바랍니다. 음주/가무/소란행위를 하지 않습니다. 쓰레기는 되가져 가시기 바랍니다. ,강남구,서울특별시 강남구 도산대로45길 20(도산공원),강남구청 공원녹지과,02-3423-6244,http://parks.seoul.go.kr/file/info/view.do?fIdx=1938,127.0350296,37.5246752,20.65479066636827,17.19930648803711,23.2911434173584,6.091836929321289,0.0609183692932128,3.8546434948015424e-07,0.044383513549447313,0.044383513549447244,0.031068575123917943,easy
청량공원,1940.3.12 ,762642.0,어른신건강마당 진입광장 휴식광장 입구연못 파고라 조경수원 목교 전망테크 산림종합전시관 야외학습장 도서관 공연장 건강마당 ,소나무 단풍나무 밤나무 국수나무 등 ,일반사항 공원을 깨끗하게 이용합니다. 대중교통을 이용해 주세요. 기념물 시설물 풀과 나무를 보호합니다. 야생동물보호를 위해 음식물 반입을 금지합니다. 야영 취사행위 및 불을 피우지 않습니다. 애완동물은 생태계 보전과 대중의 이용에 불편함이 없도록 출입을 자제하여 주시기 바랍니다. 음주/가무/소란행위를 하지 않습니다. 쓰레기는 되가져 가시기 바랍니다. ,성북구,서울특별시 성북구 화랑로18가길 50,성북구청 공원녹지과,02-2241-3683,http://parks.seoul.go.kr/file/info/view.do?fIdx=1939,127.0511145,37.6020055,110.03828260633682,77.63091278076172,133.6773376464844,56.046424865722685,0.5604642486572269,9.861574470078245e-06,0.4689093356738192,0.4689093356738192,0.3282394934440145,medium
초안산근린공원,1971.8.6 ,664905.0,잔디광장 계류 생태연못 녹지대 음수대 생활체육시설 산책로 등 ,소나무 잣나무 상수리나무 무궁화 화살나무 구절초 백리향 잔디 옥잠화 식생매트 등   ,일반사항 공원을 깨끗하게 이용합니다. 대중교통을 이용해 주세요. 기념물 시설물 풀과 나무를 보호합니다. 야생동물보호를 위해 음식물 반입을 금지합니다. 야영 취사행위 및 불을 피우지 않습니다. 애완동물은 생태계 보전과 대중의 이용에 불편함이 없도록 출입을 자제하여 주시기 바랍니다. 음주/가무/소란행위를 하지 않습니다. 쓰레기는 되가져 가시기 바랍니다. ,도봉구,서울특별시 도봉구 창동 산157,도봉구청 공원녹지과,02-2091-3754,http://parks.seoul.go.kr/file/info/view.do?fIdx=1940,127.0455446,37.648316,26.735717985365124,24.18768501281738,33.89138793945312,9.70370292663574,0.0970370292663573,8.597744847805419e-06,0.07507799918638437,0.07507799918638429,0.05255717875392338,easy
동명근린공원,1989.4.29 ,95753.4,축구장 족구장 배구장 배드민턴장 농구장 ,,일반사항 공원을 깨끗하게 이용합니다. 대중교통을 이용해 주세요. 기념물 시설물 풀과 나무를 보호합니다. 야생동물보호를 위해 음식물 반입을 금지합니다. 야영 취사행위 및 불을 피우지 않습니다. 애완동물은 생태계 보전과 대중의 이용에 불편함이 없도록 출입을 자제하여 주시기 바랍니다. 음주/가무/소란행위를 하지 않습니다. 쓰레기는 되가져 가시기 바랍니다. ,강동구,서울특별시 강동구 고덕2동 229,강동구청 푸른도시과,02-3425-8820,http://parks.seoul.go.kr/file/info/view.do?fIdx=1911,127.1676703,37.5598341,29.905159420437283,23.8411979675293,37.89650344848633,14.055305480957028,0.1405530548095702,1.2380893269282154e-06,0.11205893984159901,0.11205893984159895,0.07844162931591736,easy
마로니에공원,1982.4.29 ,5802.0,야외무대 분수대 조합놀이대 ,은행나무배롱나무노각나무화살나무무궁화 ,일반사항 공원을 깨끗하게 이용합니다. 대중교통을 이용해 주세요. 기념물 시설물 풀과 나무를 보호합니다. 야생동물보호를 위해 음식물 반입을 금지합니다. 야영 취사행위 및 불을 피우지 않습니다. 애완동물은 생태계 보전과 대중의 이용에 불편함이 없도록 출입을 자제하여 주시기 바랍니다. 음주/가무/소란행위를 하지 않습니다. 쓰레기는 되가져 가시기 바랍니다. ,종로구,서울특별시 종로구 대학로8길 1,종로구청 도시녹지과,02-2148-2843,http://parks.seoul.go.kr/file/info/view.do?fIdx=1941,127.0027886,37.5802295,27.529213799370662,24.50377655029297,34.12281036376953,9.619033813476562,0.0961903381347656,7.493469884558593e-08,0.07435846117481668,0.07435846117481668,0.05205094530278133,easy
자매근린공원,1977.5.1 ,16500.0,앙카라하우스 조형물 파고라4개소 배드민턴장 게이트볼장 화장실 관리실 ,소나무 외 51종 5147주 ,일반사항 공원을 깨끗하게 이용합니다. 대중교통을 이용해 주세요. 기념물 시설물 풀과 나무를 보호합니다. 야생동물보호를 위해 음식물 반입을 금지합니다. 야영 취사행위 및 불을 피우지 않습니다. 애완동물은 생태계 보전과 대중의 이용에 불편함이 없도록 출입을 자제하여 주시기 바랍니다. 음주/가무/소란행위를 하지 않습니다. 쓰레기는 되가져 가시기 바랍니다. ,영등포구,서울특별시 영등포구 의사당대로 166 (우) 07324,영등포구청 정원도시과,02-2670-3764,http://parks.seoul.go.kr/file/info/view.do?fIdx=1942,126.9302895,37.5177329,11.31645409266154,7.256883144378662,12.87434768676758,5.617464542388918,0.0561746454238891,2.1326971321143207e-07,0.040352185579893195,0.04035218557989314,0.028246593886839186,easy
장지근린공원,2003.6.4 ,585652.0,휴게광장 체력단련장 배드민턴장 ,,일반사항 공원을 깨끗하게 이용합니다. 대중교통을 이용해 주세요. 기념물 시설물 풀과 나무를 보호합니다. 야생동물보호를 위해 음식물 반입을 금지합니다. 야영 취사행위 및 불을 피우지 않습니다. 애완동물은 생태계 보전과 대중의 이용에 불편함이 없도록 출입을 자제하여 주시기 바랍니다. 음주/가무/소란행위를 하지 않습니다. 쓰레기는 되가져 가시기 바랍니다. ,송파구,서울특별시 송파구 장지동 산 11번지,송파구청 공원녹지과,02-400-0978,http://parks.seoul.go.kr/file/info/view.do?fIdx=1943,127.1387,37.4957083,39.50522613525391,33.16386795043945,46.37214660644531,13.20827865600586,0.1320827865600586,7.572930406457839e-06,0.10486070692490297,0.10486070692490299,0.07340476672655402,easy
명일근린공원,1971.8.6 ,419108.4,생태연못 초가정자 바닥분수 계류 벽천 어린이놀이터 돌무더기 ,느티나무 버드나무 산수유 왕벚나무 자작나무 자산홍 꽃창포 부처꽃 속새 쑥부쟁이 옥잠화  ,일반사항 공원을 깨끗하게 이용합니다. 대중교통을 이용해 주세요. 기념물 시설물 풀과 나무를 보호합니다. 야생동물보호를 위해 음식물 반입을 금지합니다. 야영 취사행위 및 불을 피우지 않습니다. 애완동물은 생태계 보전과 대중의 이용에 불편함이 없도록 출입을 자제하여 주시기 바랍니다. 음주/가무/소란행위를 하지 않습니다. 쓰레기는 되가져 가시기 바랍니다. ,강동구,서울특별시 강동구 상일동 135,강동구청 푸른도시과,02-3425-6445,http://parks.seoul.go.kr/file/info/view.do?fIdx=1944,127.1613641,37.5537143,56.80920198228624,47.80445861816406,69.1119384765625,21.30747985839844,0.2130747985839843,5.419367936973848e-06,0.17368962116544953,0.17368962116544942,0.12158436062619572,easy
방화근린공원,1996.12.10,72132.0,다목적운동장 체육시설 원형광장 연못 분수대 어린이놀이터 산책로 파고라 휴게소 ,벚나무 은행나무 참나무류   ,일반사항 공원을 깨끗하게 이용합니다. 대중교통을 이용해 주세요. 기념물 시설물 풀과 나무를 보호합니다. 야생동물보호를 위해 음식물 반입을 금지합니다. 야영 취사행위 및 불을 피우지 않습니다. 애완동물은 생태계 보전과 대중의 이용에 불편함이 없도록 출입을 자제하여 주시기 바랍니다. 음주/가무/소란행위를 하지 않습니다. 쓰레기는 되가져 가시기 바랍니다. ,강서구,서울특별시 강서구 금낭화로 176(방화공원),강서구청 공원녹지과,02-2600-4186,http://parks.seoul.go.kr/file/info/view.do?fIdx=1848,126.8132285,37.5819812,30.228229734632706,24.17998695373535,45.81407928466797,21.634092330932617,0.2163409233093261,9.326428221290571e-07,0.17646525067509877,0.17646525067509874,0.12352595526541578,easy
아시아근린공원,1986.4.30,66027.8,송파문화예술회관 야외공연장 부리도 기념비 시와 그림의 광장,,일반사항 공원을 깨끗하게 이용합니다. 대중교통을 이용해 주세요. 기념물 시설물 풀과 나무를 보호합니다. 야생동물보호를 위해 음식물 반입을 금지합니다. 야영 취사행위 및 불을 피우지 않습니다. 애완동물은 생태계 보전과 대중의 이용에 불편함이 없도록 출입을 자제하여 주시기 바랍니다. 음주/가무/소란행위를 하지 않습니다. 쓰레기는 되가져 가시기 바랍니다. ,송파구,서울특별시 송파구 올림픽로 44 (잠실동),송파구청 공원녹지과,02-412-0270,http://parks.seoul.go.kr/file/info/view.do?fIdx=1849,127.0762885,37.5102779,13.707541359795464,12.76270389556885,15.02763175964355,2.2649278640747,0.022649278640747,8.537098818886385e-07,0.011861541409723694,0.011861541409723703,0.008303335099771155,easy
배봉산근린공원,1992,265582.0,"인공폭포, 야외무대관리사무실 어린이놀이터 약수터 산책로 체육시설 자연학습장 ",,일반사항 공원을 깨끗하게 이용합니다. 대중교통을 이용해 주세요. 기념물 시설물 풀과 나무를 보호합니다. 야생동물보호를 위해 음식물 반입을 금지합니다. 야영 취사행위 및 불을 피우지 않습니다. 애완동물은 생태계 보전과 대중의 이용에 불편함이 없도록 출입을 자제하여 주시기 바랍니다. 음주/가무/소란행위를 하지 않습니다. 쓰레기는 되가져 가시기 바랍니다. 안내판 설치 필요여부 : 해당사항 없습니다. 배봉산연육교 주변 : 종합안내판 1개 구역안내판 3개 설치. 관리사무실 입구 : 종합안내판 1개 설치.  코스설명 배봉산 자락길 : 배봉산연육교 → 동성빌라 (0.73km) 약30분 소요 맨발로 걷는 황톳길 제1만남의 장소 → 제2만남의 광장(0.35km) 약15분 소요   순환산책로 배봉산연육교 → 동성빌라 → 관리사무실 → 서울시립대뒤편  → 제1만남의장소 → 배봉산연육교(2.7km) 약2시간 30분 소요   ,동대문구,서울특별시 동대문구 한천로43길 12-14(배봉산공원) ,동대문구청 정원도시과,02-2127-4772,http://parks.seoul.go.kr/file/info/view.do?fIdx=1850,127.0641623,37.5812324,78.8550042046441,47.30372619628906,100.1818161010742,52.87808990478514,0.5287808990478514,3.4341298785015503e-06,0.44198408096508635,0.44198408096508635,0.30938988691452396,medium
안산도시자연공원,1977.7.9,2088704.9,조경시설 : 팔각정자 야외탁자 조합놀이대 등 편의시설 : 화장실 약수터 등 관리시설 : 관리사무소 공원등 안내판 등 기반시설 : 만남의광장 산책로 등 연희숲속쉼터 : 10000㎡(연희동 산2-5 서대문청소년수련관 주변) 잔디마당 숲속쉼터허브원 습지 계류시설 홍제천 수변마당 안산자락길 : 1.69KM(옛 시민아파트 철거부지 ~ 한성과학고 뒤) 장애물이 없는 데크로드 ,수 목 : 자작 산벚 물푸레 잣나무 소나무 팥배 상수리 오리나무 아까시나무 초 화 : 구절초 기린초 노루오줌 꽃무릇 등,일반사항 공원을 깨끗하게 이용합니다. 대중교통을 이용해 주세요. 기념물 시설물 풀과 나무를 보호합니다. 야생동물보호를 위해 음식물 반입을 금지합니다. 야영 취사행위 및 불을 피우지 않습니다. 애완동물은 생태계 보전과 대중의 이용에 불편함이 없도록 출입을 자제하여 주시기 바랍니다. 음주/가무/소란행위를 하지 않습니다. 쓰레기는 되가져 가시기 바랍니다. ,서대문구,서울특별시 서대문구 홍제동 산33-98,서대문구청 푸른도시과,02-330-1965,http://parks.seoul.go.kr/file/info/view.do?fIdx=1851,126.9390273,37.5798246,73.35035747951932,33.30883026123047,112.9838485717773,79.67501831054683,0.7967501831054683,2.700879173699875e-05,0.6697106728918781,0.6697106728918781,0.46880557366183584,medium
염창근린공원,1977.7.9,112070.0,골프연습장 스포츠센타,수 목 : 아까시나무 신갈나무 상수리나무 등,일반사항 공원을 깨끗하게 이용합니다. 대중교통을 이용해 주세요. 기념물 시설물 풀과 나무를 보호합니다. 야생동물보호를 위해 음식물 반입을 금지합니다. 야영 취사행위 및 불을 피우지 않습니다. 애완동물은 생태계 보전과 대중의 이용에 불편함이 없도록 출입을 자제하여 주시기 바랍니다. 음주/가무/소란행위를 하지 않습니다. 쓰레기는 되가져 가시기 바랍니다. ,강서구,서울특별시 강서구 염창동 산24-1,강서구청 공원녹지과,02-2600-4186,http://parks.seoul.go.kr/file/info/view.do?fIdx=1852,126.8689817,37.5579702,27.140710724724663,11.8497428894043,49.57576370239258,37.72602081298828,0.3772602081298828,1.4490780253206035e-06,0.31321823875116045,0.3132182387511605,0.21925320184921993,easy
백련근린공원,1966. 2. 5,993724.0,조경시설 : 정자 파고라 조합놀이대 등  편의시설 : 청소년수련관 문화체육회관 화장실 음수대 등  관리시설 : 종합안내판 관리사무소 등  기반시설 : 도로 산책로 등   백련근린공원(논골지구) : 19500㎡(홍은2동 산11-216 서강아파트 뒤) 팔각정 초정 운동시설 계류 생태연못 허브원 장미원 실용원 약용원 등 ,수 목 : 소나무느티나무산벚나무상수리나무 등 초 화 : 맥문동 수호초 등  ,일반사항 공원을 깨끗하게 이용합니다. 대중교통을 이용해 주세요. 기념물 시설물 풀과 나무를 보호합니다. 야생동물보호를 위해 음식물 반입을 금지합니다. 야영 취사행위 및 불을 피우지 않습니다. 애완동물은 생태계 보전과 대중의 이용에 불편함이 없도록 출입을 자제하여 주시기 바랍니다. 음주/가무/소란행위를 하지 않습니다. 쓰레기는 되가져 가시기 바랍니다. ,서대문구,서울특별시 서대문구 통일로 507-22(백련공원) ,서대문구청 푸른도시과,02-330-1965,http://parks.seoul.go.kr/file/info/view.do?fIdx=1860,126.928616,37.5879662,172.85014767116974,127.1135635375977,210.1276092529297,83.01404571533199,0.8301404571533199,1.2849678021180176e-05,0.6980865120824024,0.6980865120824024,0.488664413361088,medium
오금근린공원,1990.10.30,219167.0,곰두리체육센터 송파도서관 테니스장 배드민턴장 게이트볼장 자연학습관찰로 삼림욕장 ,,일반사항 공원을 깨끗하게 이용합니다. 대중교통을 이용해 주세요. 기념물 시설물 풀과 나무를 보호합니다. 야생동물보호를 위해 음식물 반입을 금지합니다. 야영 취사행위 및 불을 피우지 않습니다. 애완동물은 생태계 보전과 대중의 이용에 불편함이 없도록 출입을 자제하여 주시기 바랍니다. 음주/가무/소란행위를 하지 않습니다. 쓰레기는 되가져 가시기 바랍니다. ,송파구,서울특별시 송파구 오금로 363 오금근린공원 ,송파구청 공원녹지과,02-400-0978,http://parks.seoul.go.kr/file/info/view.do?fIdx=1861,127.1323957,37.5038715,44.22087944878472,34.35715103149414,53.66853332519531,19.31138229370117,0.1931138229370117,2.833941086971288e-06,0.15672631519698854,0.15672631519698857,0.10970927082021809,easy
오동근린공원,1987.4.27,1368523.0,"   - 체력단련시설 86개소 382기    - 배드민턴장 18개소 66면    - 정자 11개소, 화장실 10개소(발효식 7, 수세식 3)    - 북서울꿈의숲 1개소    - 골프연습장 1개소, 구민운동장 1개소, 다목적체육관 1개소    - 놀이터 5개소",,일반사항 공원을 깨끗하게 이용합니다. 대중교통을 이용해 주세요. 기념물 시설물 풀과 나무를 보호합니다. 야생동물보호를 위해 음식물 반입을 금지합니다. 야영 취사행위 및 불을 피우지 않습니다. 애완동물은 생태계 보전과 대중의 이용에 불편함이 없도록 출입을 자제하여 주시기 바랍니다. 음주/가무/소란행위를 하지 않습니다. 쓰레기는 되가져 가시기 바랍니다. ,강북구,서울특별시 강북구 번동 산20-1,강북구청 공원녹지과,02-901-6929,http://parks.seoul.go.kr/file/info/view.do?fIdx=1862,127.0317269,37.6327957,51.04359690348307,29.69595718383789,74.07819366455078,44.38223648071289,0.4438223648071289,1.7696175034575648e-05,0.3697843229750047,0.3697843229750047,0.25885433493501364,medium
봉산도시자연공원,1977.7.14 ,1511198.0,산책로9㎞ 전시관 1동 운동시설,,일반사항 공원을 깨끗하게 이용합니다. 대중교통을 이용해 주세요. 기념물 시설물 풀과 나무를 보호합니다. 야생동물보호를 위해 음식물 반입을 금지합니다. 야영 취사행위 및 불을 피우지 않습니다. 애완동물은 생태계 보전과 대중의 이용에 불편함이 없도록 출입을 자제하여 주시기 바랍니다. 음주/가무/소란행위를 하지 않습니다. 쓰레기는 되가져 가시기 바랍니다.  일반사항 산을 이용하는 시민들은 주로 제1등산로와 제2등산로 등을 이용하고 있으며 인근지역 주민들이 이용객의 대부분을 차지하고 있습니다. 현재 봉산도시자연공원 증산지구내 공원이용객 및 주민들을 위한 주차시설을 조성완료하여 타지역 이용객들의 접근성을 높이고 있으며 대중교통 이용객들을 위하여 증산역에서 봉산 주 등산로로 향하는 서울둘레길 안내표시가 설치되어 있어 등산객들의 편의성이 높은 편입니다.(※ 대중교통 이용객들을 위한 안내 표시가 일부 주 등산로까지 설치되어 있습니다.) ,은평구,서울특별시 은평구 구산동 산61,은평구청 공원녹지과,02-351-8003,http://parks.seoul.go.kr/file/info/view.do?fIdx=1863,126.9020153,37.604071,123.3063752916124,98.5109634399414,147.4143981933594,48.903434753418,0.4890343475341799,1.9541094475092295e-05,0.4082065278814094,0.4082065278814093,0.28575043184532906,medium
온수도시자연공원,1971.8.6,1097565.0,배드민턴장 체력단련장 철봉 허리돌리기 등 운동기구,,일반사항 공원을 깨끗하게 이용합니다. 대중교통을 이용해 주세요. 기념물 시설물 풀과 나무를 보호합니다. 야생동물보호를 위해 음식물 반입을 금지합니다. 야영 취사행위 및 불을 피우지 않습니다. 애완동물은 생태계 보전과 대중의 이용에 불편함이 없도록 출입을 자제하여 주시기 바랍니다. 음주/가무/소란행위를 하지 않습니다. 쓰레기는 되가져 가시기 바랍니다. ,구로구,서울특별시 구로구 개봉동 산2-60,구로구청 공원녹지과,02-860-2396,http://parks.seoul.go.kr/file/info/view.do?fIdx=1864,126.83695,37.5002598,90.76894209120007,70.2199478149414,107.0782318115234,36.85828399658199,0.3685828399658198,1.4192437997508819e-05,0.30584400746250573,0.3058440074625057,0.21409506295515324,easy
봉은공원,1971.8.6,328018.0,奉恩寺 도심 한가운데 있는 奉恩寺는 그 외형적 규모뿐 아니라 역사적으로 서울의 대표적인 사찰로 알려져 있다. 일제시대에는 서울과 경기 일원의 80여 사찰을 관장하던 본사였고 조선시대에는 억불정책에도 불구하고 선종의 수사찰(首寺刹)로 한국불교의 명맥을 유지하는데 결정적 공헌을 해온 곳이다. 선불당(選佛堂) 봉은사 대웅전 한단 아래 왼쪽에 자리잡고 있는 선불당은 대중을 위한 禪房으로1941년 심검당이 있던 자리에 중건된 것이다. 선불당은 계율을 일러주는 곳 혹은 선법.교법을 닦는 곳이다. 秋史 金正喜의 '板殿' 현판 (서울시 유형문화재 제76호: 1991년 5월28일 지정) 봉은사에 있는 화엄경소를 비롯한 15종 3438매의 많은 목판본을 보관하기 위하여 세워진 전각인 판전의 정면 어칸의 처마에 걸려 있는 편액이다. 이 편액은 추사 김정희(1786~1856?)의 말년 작품으로 왼쪽에 세로로 '칠십일과병중작(칠십일과병중작)'이라 쓰여진 바와 같이 그가 71세때 병중에 쓴 글씨로 유명하다. 대방광불화엄경(大方廣佛華嚴經) 수소연의 초판 (서울시 유형문화재 제84호: 1992년 12월28일 지정) 봉은사 판전에 보관되어 있는 총 15종 3438판의 목판본 중 3133판이 바로 대방광불화엄경이다. 대승불교의 대표적 경전이라 할 수 있는 이 화엄경판은 처음 중국 당나라의 실차난타와 징관이 각각 번역하고 찬한 것으로 흔히 '화엄경'으로 줄여 부른다. 주된 내용은 부처님이 성도한 깨달음의 내용을 그대로 나타내고 있는 경전으로 여러 대승불교의 경전 가운데서도 교학적.사상적으로 불교의 핵심을 가장 깊게 담고 있다는 평가를 받고 있다. ,,일반사항 공원을 깨끗하게 이용합니다. 대중교통을 이용해 주세요. 기념물 시설물 풀과 나무를 보호합니다. 야생동물보호를 위해 음식물 반입을 금지합니다. 야영 취사행위 및 불을 피우지 않습니다. 애완동물은 생태계 보전과 대중의 이용에 불편함이 없도록 출입을 자제하여 주시기 바랍니다. 음주/가무/소란행위를 하지 않습니다. 쓰레기는 되가져 가시기 바랍니다. ,강남구,서울특별시 강남구 삼성동 75,강남구청 공원녹지과,02-3423-6244,http://parks.seoul.go.kr/file/info/view.do?fIdx=1865,127.0554961,37.5139026,31.799769507514107,19.70002555847168,59.36763381958008,39.6676082611084,0.396676082611084,4.24148498758231e-06,0.3297183049450591,0.32971830494505916,0.23080408590703766,easy
올림픽공원,1988,1513491.2,"조경시설: 몽촌토성, 몽촌해자, 조각공원, 장미광장 등운동시설: 수영장, 테니스장, 축구장 등교양시설: KSPO DOME, 핸드볼경기장(티켓링크라이브아레나), 우리금융아트홀 등","소나무, 느티나무, 단풍나무, 목련, 상수리나무, 잣나무, 벚나무, 겹철쭉, 산철쭉, 개나리, 조팝나무, 산수국 등 ","흡연을 삼가하여 주십시오. 공원 내에서 다른 내방객들에게 피해가 되는 행동은 삼가하여 주십시오(과도한 음주, 고성방가, 잔디나 꽃밭 훼손 등).상업용 사진, 영화(CF) 촬영 시에는 사전 승인을 받으시기 바랍니다(문의전화: 02-2180-3516). 자전거 및 인라인 이용시 무리한 과속을 자제하여 주십시오. 토성 내 산책로는 자전거, 인라인, 탑승식 전동장치 등의 통행을 제한하고 있습니다. 올림픽공원 내부를 단체로 무리지어 달리거나 통행에 방행되는 행위는 삼가해 주시기 바랍니다. 야생동물의 보호를 위해 무분별한 열매 채취를 삼가하여 주십시오. 반려견 출입시 위생과 안전사고 예방을 위하여 반드시 목줄과 입 가리개, 배변봉투를 지참하여 이용해 주시기 바랍니다. 올림픽공원은 드론 비행 금지 및 차도를 제외한 도로에서 전동 휠(킥보드류) 탑승 금지입니다.",송파구,서울특별시 송파구 올림픽로 424 (방이동),서울올림픽기념국민체육진흥공단,02-410-1114,http://parks.seoul.go.kr/file/info/view.do?fIdx=1866,127.122959,37.520934,23.238760206434463,16.83181571960449,29.59515190124512,12.763336181640632,0.1276333618164063,1.957074766773987e-05,0.10107948126514113,0.10107948126514113,0.07076150810989912,easy
와룡근린공원,1984.4.1,207790.0,말바위 테니스장 노천탕,,일반사항 공원을 깨끗하게 이용합니다. 대중교통을 이용해 주세요. 기념물 시설물 풀과 나무를 보호합니다. 야생동물보호를 위해 음식물 반입을 금지합니다. 야영 취사행위 및 불을 피우지 않습니다. 애완동물은 생태계 보전과 대중의 이용에 불편함이 없도록 출입을 자제하여 주시기 바랍니다. 음주/가무/소란행위를 하지 않습니다. 쓰레기는 되가져 가시기 바랍니다. ,종로구,서울특별시 종로구 와룡공원길 192 (우) 03063,종로구청 도시녹지과,02-2148-2842,http://parks.seoul.go.kr/file/info/view.do?fIdx=1867,126.9901672,37.5907944,150.93289693196616,112.6805114746094,182.8779602050781,70.1974487304687,0.7019744873046869,2.686825975881343e-06,0.5891680604125998,0.5891680604125998,0.4124184483366127,medium
봉화산근린공원,1977.7.9,1018689.0,봉수대 등,소나무잦나무아까시산철쭉개나리벚나무,일반사항 공원을 깨끗하게 이용합니다. 대중교통을 이용해 주세요. 기념물 시설물 풀과 나무를 보호합니다. 야생동물보호를 위해 음식물 반입을 금지합니다. 야영 취사행위 및 불을 피우지 않습니다. 애완동물은 생태계 보전과 대중의 이용에 불편함이 없도록 출입을 자제하여 주시기 바랍니다. 음주/가무/소란행위를 하지 않습니다. 쓰레기는 되가져 가시기 바랍니다. ,중랑구,서울특별시 중랑구 묵동 산46-1,중랑구청 공원녹지과,02-435-0069,http://parks.seoul.go.kr/file/info/view.do?fIdx=1868,127.0923625,37.6106404,70.88288201226129,41.20745086669922,87.27750396728516,46.07005310058594,0.4607005310058594,1.3172498514136181e-05,0.3841277850621909,0.384127785062191,0.2688934012930879,medium
북악산도시자연공원,1963.12.21,954553.0,현재 북악은 청와대가 있어 일반인의 등산이 금지되어 있으나 1967년까지는 청와대 뒤의 북악 일대도 가벼운 등산길이었다. 그러나 1968년 1월 21일 북한 무장공비들이 이곳까지 침투해 온 사건이 발생하여 수도권 경비강화를 목적으로 북악스카이웨이를 만들고 등산길은 폐쇄하였다.   숙정문과 창의문 사이에는 성곽옆에 1.21사태 소나무가 생육중이다.   북악산도시자연공원에는 서울성곽 18.627km의 탐방코스중 4대문 중 북대문인 숙정문에서  4소문중 북소문인 창의문 구간 약 2km의 코스가 있다.   창의문 외곽에는 북악산도시자연공원은 아니지만 자연경관보호지역으로 백사실계곡이 인접하여 있다. ,수 목 : 소나무단풍나무느티나무팥배나무 외 30여종,일반사항 공원을 깨끗하게 이용합니다. 대중교통을 이용해 주세요. 기념물 시설물 풀과 나무를 보호합니다. 야생동물보호를 위해 음식물 반입을 금지합니다. 야영 취사행위 및 불을 피우지 않습니다. 애완동물은 생태계 보전과 대중의 이용에 불편함이 없도록 출입을 자제하여 주시기 바랍니다. 음주/가무/소란행위를 하지 않습니다. 쓰레기는 되가져 가시기 바랍니다. ,종로구,서울특별시 종로구 부암동 산2-6,종로구청 도시녹지과,02-2148-2835,http://parks.seoul.go.kr/file/info/view.do?fIdx=1869,126.9737295,37.5929992,282.3170878092448,247.9025573730469,339.089599609375,91.1870422363281,0.911870422363281,1.2343160835937649e-05,0.7675425562742354,0.7675425562742354,0.5372834923402157,hard
북한산국립공원,1983.4.2,77334000000.0,,"수 목 : 팥배나무, 졸참나무, 신갈나무, 소나무, 아까시나무, 국수나무, 물오리나무, 병꽃나무, 당단풍, 미역줄나무, 생강나무, 정향나무 등 초화 : 제비꽃, 산개나리 등",일반사항 공원을 깨끗하게 이용합니다. 대중교통을 이용해 주세요. 기념물 시설물 풀과 나무를 보호합니다. 입산시간 지정제 운영 중으로 야간산행은 하지 않습니다. 야영 취사행위 및 불을 피우지 않습니다. 반려동물은 생태계 보전과 대중의 이용에 불편함이 없도록 출입을 자제하여 주시기 바랍니다. 음주/가무/소란행위를 하지 않습니다. 쓰레기는 되가져 가시기 바랍니다.  ,강북구 등,"서울특별시 강북구, 도봉구, 서대문구, 성북구, 은평구, 종로구 일대  경기도 고양시, 양주시, 의정부시 일대",국립공원공단 북한산사무소,02-909-0497~8,http://parks.seoul.go.kr/file/info/view.do?fIdx=1870,127.000938,37.624549,227.5753597683376,182.6148071289062,271.9360961914062,89.3212890625,0.893212890625,1.0,0.7516869475559946,0.7516869475559946,0.8261808632891963,expert
외국인묘지공원,1965.5.6,13224.0,묘지 517기 휴게시설 편의시설 녹지대,은행나무 등 20여종의 교목 및 관목 3109주,일반사항 공원을 깨끗하게 이용합니다. 대중교통을 이용해 주세요. 기념물 시설물 풀과 나무를 보호합니다. 야생동물보호를 위해 음식물 반입을 금지합니다. 야영 취사행위 및 불을 피우지 않습니다. 애완동물은 생태계 보전과 대중의 이용에 불편함이 없도록 출입을 자제하여 주시기 바랍니다. 음주/가무/소란행위를 하지 않습니다. 쓰레기는 되가져 가시기 바랍니다. ,마포구,서울특별시 마포구 양화진길 46(외국인묘지공원),마포구청 공원녹지과,02-3153-9554,http://parks.seoul.go.kr/file/info/view.do?fIdx=1871,126.911414,37.546797,12.920268482632109,9.564723014831545,16.26569366455078,6.700970649719238,0.0670097064971923,1.7090800942918192e-07,0.049560074984902225,0.04956007498490216,0.034692103761834375,easy
불광근린공원,1977.7.14 ,130345.0,도서관 산책로 실외배드민턴장 등,,일반사항 공원을 깨끗하게 이용합니다. 대중교통을 이용해 주세요. 기념물 시설물 풀과 나무를 보호합니다. 야생동물보호를 위해 음식물 반입을 금지합니다. 야영 취사행위 및 불을 피우지 않습니다. 애완동물은 생태계 보전과 대중의 이용에 불편함이 없도록 출입을 자제하여 주시기 바랍니다. 음주/가무/소란행위를 하지 않습니다. 쓰레기는 되가져 가시기 바랍니다. ,은평구,서울특별시 은평구 불광동 산33-1,은평구청 공원녹지과,02-351-8004,http://parks.seoul.go.kr/file/info/view.do?fIdx=1872,126.9298962,37.6188016,74.76284662882487,49.24707412719727,102.756591796875,53.50951766967773,0.5350951766967773,1.685390643336666e-06,0.4473501024273082,0.44735010242730827,0.31314557731630877,medium
불암산도시자연공원,1977.7.9,5332422.0,등산로 및 휴게시설,소나무 상수리나무 서나무 오리나무 팥배나무 등,일반사항 공원을 깨끗하게 이용합니다. 대중교통을 이용해 주세요. 기념물 시설물 풀과 나무를 보호합니다. 야생동물보호를 위해 음식물 반입을 금지합니다. 야영 취사행위 및 불을 피우지 않습니다. 애완동물은 생태계 보전과 대중의 이용에 불편함이 없도록 출입을 자제하여 주시기 바랍니다. 음주/가무/소란행위를 하지 않습니다. 쓰레기는 되가져 가시기 바랍니다. ,노원구,서울특별시 노원구 한글비석로12길 51-33(불암산공원) ,노원구청 공원녹지과,02-2116-3943,http://parks.seoul.go.kr/file/info/view.do?fIdx=1873,127.0952714,37.6636719,433.53717041015625,381.3843994140625,482.9502258300781,101.56582641601562,1.015658264160156,6.895304782479468e-05,0.85574390210743,0.8557439021074298,0.5990414173895484,hard
용마폭포공원,1958.2.15,5107964.0,광장 4개소 노인정 수영장 용마폭포공원 ,,일반사항 공원을 깨끗하게 이용합니다. 대중교통을 이용해 주세요. 기념물 시설물 풀과 나무를 보호합니다. 야생동물보호를 위해 음식물 반입을 금지합니다. 야영 취사행위 및 불을 피우지 않습니다. 애완동물은 생태계 보전과 대중의 이용에 불편함이 없도록 출입을 자제하여 주시기 바랍니다. 음주/가무/소란행위를 하지 않습니다. 쓰레기는 되가져 가시기 바랍니다. ,중랑구,서울특별시 중랑구 면목동 산1-4 ,중랑구청 공원녹지과,02-2094-2965,http://parks.seoul.go.kr/file/info/view.do?fIdx=1874,127.0905888,37.5731968,98.37793562147353,71.75756072998047,126.9526290893555,55.19506835937503,0.5519506835937503,6.6050598707714e-05,0.4616743081076163,0.46167430810761634,0.32319183085494374,medium
사육신공원,1978.5.19,47964.0,사육신묘 의절사 불이문 홍살문 비각 산책로,소나무 느티나무 향나무 팥배나무 무궁화 주목 구상나무,일반사항 공원을 깨끗하게 이용합니다. 대중교통을 이용해 주세요. 기념물 시설물 풀과 나무를 보호합니다. 야생동물보호를 위해 음식물 반입을 금지합니다. 야영 취사행위 및 불을 피우지 않습니다. 애완동물은 생태계 보전과 대중의 이용에 불편함이 없도록 출입을 자제하여 주시기 바랍니다. 음주/가무/소란행위를 하지 않습니다. 쓰레기는 되가져 가시기 바랍니다. ,동작구,서울특별시 동작구 노량진로 191,동작구청 공원녹지과,02-820-1395,http://parks.seoul.go.kr/file/info/view.do?fIdx=1875,126.948636,37.5137049,23.47036690182156,15.42184352874756,38.19010925292969,22.76826572418213,0.2276826572418213,6.201282748123839e-07,0.18610372257709568,0.18610372257709568,0.13027279184244941,easy
용왕산근린공원,1971.8.6,213552.0,"용왕정 1동(정도600년 기념 건립) , 다목적구장 6000㎡ 조깅코스 400m, 실내배드민턴장 1개소 게이트볼장1개소 어린이 놀이터1개소 약수터2개소 각종 운동시설(체력단련장) 화장실 3개동 공원등 63개 기타시설 등 ",,일반사항 공원을 깨끗하게 이용합니다. 대중교통을 이용해 주세요. 기념물 시설물 풀과 나무를 보호합니다. 야생동물보호를 위해 음식물 반입을 금지합니다. 야영 취사행위 및 불을 피우지 않습니다. 애완동물은 생태계 보전과 대중의 이용에 불편함이 없도록 출입을 자제하여 주시기 바랍니다. 음주/가무/소란행위를 하지 않습니다. 쓰레기는 되가져 가시기 바랍니다. ,양천구,서울특별시 양천구 목동 199-51,양천구청 공원녹지과,02-2620-3574,http://parks.seoul.go.kr/file/info/view.do?fIdx=1876,126.8783125,37.5429593,47.486729303995766,7.888792037963867,61.02161026000977,53.13281822204591,0.5313281822204591,2.761333954267584e-06,0.44414882203834194,0.44414882203834194,0.31090500382702563,medium
사직근린공원,1940.3.12,168099.87,사직단 단군성전 황학정 어린이도서관 종로시립도서관 수영장,수 목 : 소나무 외 42종 11350주,일반사항 공원을 깨끗하게 이용합니다. 대중교통을 이용해 주세요. 기념물 시설물 풀과 나무를 보호합니다. 야생동물보호를 위해 음식물 반입을 금지합니다. 야영 취사행위 및 불을 피우지 않습니다. 애완동물은 생태계 보전과 대중의 이용에 불편함이 없도록 출입을 자제하여 주시기 바랍니다. 음주/가무/소란행위를 하지 않습니다. 쓰레기는 되가져 가시기 바랍니다. ,종로구,서울특별시 종로구 사직로9길 5,종로구청 도시녹지과,02-2148-2836,http://parks.seoul.go.kr/file/info/view.do?fIdx=1877,126.9674018,37.5759864,48.16258705986871,40.76129150390625,61.39163208007812,20.630340576171868,0.2063034057617186,2.173595960576398e-06,0.1679351324917381,0.16793513249173803,0.11755524482300483,easy
우장산근린공원,1988.12.30,359435.2,강서구민회관 서울정보기능대학 운동장(인조잔디구장조깅트랙) 테니스장 트림코스장 조각의 거리 야외무대 국궁장 등,상수리나무 아까시나무 잣나무 소나무 쪽동백나무 등,일반사항 공원을 깨끗하게 이용합니다. 대중교통을 이용해 주세요. 기념물 시설물 풀과 나무를 보호합니다. 야생동물보호를 위해 음식물 반입을 금지합니다. 야영 취사행위 및 불을 피우지 않습니다. 애완동물은 생태계 보전과 대중의 이용에 불편함이 없도록 출입을 자제하여 주시기 바랍니다. 음주/가무/소란행위를 하지 않습니다. 쓰레기는 되가져 가시기 바랍니다. ,강서구,서울특별시 강서구 내발산동 산4-5,강서구청 공원녹지과,02-2600-4185,http://parks.seoul.go.kr/file/info/view.do?fIdx=1878,126.844932,37.5541932,61.52847629123264,40.45974349975586,83.36178588867188,42.902042388916016,0.4290204238891602,4.647738381986373e-06,0.3572052858998973,0.35720528589989736,0.25004509445144274,medium
삼일근린공원,1990.12.21,36660.0,삼일공원비 삼일공원 산책길 삼일공원 놀이터,소나무 잣나무 은행나무 느티나무 단풍나무 버즘나무 감나무 목련 산수유 등,일반사항 공원을 깨끗하게 이용합니다. 대중교통을 이용해 주세요. 기념물 시설물 풀과 나무를 보호합니다. 야생동물보호를 위해 음식물 반입을 금지합니다. 야영 취사행위 및 불을 피우지 않습니다. 애완동물은 생태계 보전과 대중의 이용에 불편함이 없도록 출입을 자제하여 주시기 바랍니다. 음주/가무/소란행위를 하지 않습니다. 쓰레기는 되가져 가시기 바랍니다. ,동작구,서울특별시 동작구 사당동 산24-17,동작구청 공원녹지과,02-820-1384,http://parks.seoul.go.kr/file/info/view.do?fIdx=1879,126.9743686,37.4860183,30.52147102355957,19.88339614868164,41.24829483032227,21.364898681640632,0.2136489868164063,4.739571211022021e-07,0.17417757981247786,0.17417757981247786,0.12192444805587083,easy
삼청근린공원,1940.3.12,380735.0,삼청동문(암각) 배드민턴장 테니스장 어린이 놀이터 다목적 공터 및 매점 등 ,수 목 : 소나무 외 15종 200000주,일반사항 공원을 깨끗하게 이용합니다. 대중교통을 이용해 주세요. 기념물 시설물 풀과 나무를 보호합니다. 야생동물보호를 위해 음식물 반입을 금지합니다. 야영 취사행위 및 불을 피우지 않습니다. 애완동물은 생태계 보전과 대중의 이용에 불편함이 없도록 출입을 자제하여 주시기 바랍니다. 음주/가무/소란행위를 하지 않습니다. 쓰레기는 되가져 가시기 바랍니다. ,종로구,서울특별시 종로구 북촌로 134-1 (우) 03050,종로구청 도시녹지과,02-2148-2842,http://parks.seoul.go.kr/file/info/view.do?fIdx=1880,126.9842875,37.5895821,86.47438049316406,54.60952758789062,107.328857421875,52.71932983398438,0.5271932983398439,4.9231644559244594e-06,0.4406349005922441,0.44063490059224414,0.30844590736390765,medium
인왕산도시자연공원,1940.3.12,1807420.9,인왕사 선바위 국사당 인왕천 만수천 석굴암약수터,,일반사항 공원을 깨끗하게 이용합니다. 대중교통을 이용해 주세요. 기념물 시설물 풀과 나무를 보호합니다. 야생동물보호를 위해 음식물 반입을 금지합니다. 야영 취사행위 및 불을 피우지 않습니다. 애완동물은 생태계 보전과 대중의 이용에 불편함이 없도록 출입을 자제하여 주시기 바랍니다. 음주/가무/소란행위를 하지 않습니다. 쓰레기는 되가져 가시기 바랍니다. ,종로구,서울특별시 종로구 옥인동 산 3-1 ,종로구청 도시녹지과,02-2148-2832,http://parks.seoul.go.kr/file/info/view.do?fIdx=1881,126.9578438,37.5849001,278.11876085069446,240.0303344726562,324.1976013183594,84.16726684570318,0.8416726684570318,2.3371529988925966e-05,0.7078868561285853,0.7078868561285853,0.49552781074900637,medium
상도근린공원,1940. 03. 12,359342.8,배드민턴장 생활체육시설 약수터 산책로,리기다소나무 느티나무 아까시나무 때죽나무 상수리나무,일반사항 공원을 깨끗하게 이용합니다. 대중교통을 이용해 주세요. 기념물 시설물 풀과 나무를 보호합니다. 야생동물보호를 위해 음식물 반입을 금지합니다. 야영 취사행위 및 불을 피우지 않습니다. 애완동물은 생태계 보전과 대중의 이용에 불편함이 없도록 출입을 자제하여 주시기 바랍니다. 음주/가무/소란행위를 하지 않습니다. 쓰레기는 되가져 가시기 바랍니다. ,동작구,서울특별시 동작구 성대로6사길 27-6(상도공원) ,동작구청 공원녹지과,02-820-1385,http://parks.seoul.go.kr/file/info/view.do?fIdx=1882,126.9385469,37.492299,148.20140245225696,119.1783981323242,177.9396209716797,58.76122283935548,0.5876122283935549,4.646543564700207e-06,0.49198032653306367,0.4919803265330637,0.344387622536214,medium
일자산근린공원,2008.3.22,285882.6,실내배드민턴장 실내체육관 산책로 X-게임장 잔디광장 인공폭포,키큰나무 1408본 작은나무 26406본 초화류 35290종 잔디 17300㎡,일반사항 공원을 깨끗하게 이용합니다. 대중교통을 이용해 주세요. 기념물 시설물 풀과 나무를 보호합니다. 야생동물보호를 위해 음식물 반입을 금지합니다. 야영 취사행위 및 불을 피우지 않습니다. 애완동물은 생태계 보전과 대중의 이용에 불편함이 없도록 출입을 자제하여 주시기 바랍니다. 음주/가무/소란행위를 하지 않습니다. 쓰레기는 되가져 가시기 바랍니다.  주 등산로와 정류장(지하철버스) 연계현황  일자산 주 등산로는 인근 중앙보훈병원역과 연계되어 도보 5분 내로 도착 가능합니다.  코스설명    - 일자산 제1등산로 (2.1㎞) : 일자산입구(보훈병원 건너) ~ 해맞이광장 ~ 허브천문공원 ~ 길동생태공원   - 일자산 제2등산로 (4.2㎞) : 서하남IC입구 ~ 둔굴 ~ 해맞이광장 ~ 일자산하남시구간 ~ 명일근린공원입구,강동구,서울특별시 강동구 동남로 660(일자산공원),강동구청 푸른도시과,02-3425-6447,http://parks.seoul.go.kr/file/info/view.do?fIdx=1883,127.1574587,37.5431657,76.33639823065863,53.11846160888672,105.0258941650391,51.90743255615239,0.5190743255615239,3.6966353741675902e-06,0.43373520681855154,0.43373520681855154,0.30361575376359834,medium
쌍문근린공원,1971.8.6,328018.0,산책등산로 정자 약수터 화장실 테니스장 배구장 배드민턴장 문화센터 등,아카시아 팥배나무 스트로브잣나무 느티나무 홍단풍 산철쭉 영산홍 상록교목 낙엽교목 상록관목 낙엽관목 등,일반사항 공원을 깨끗하게 이용합니다. 대중교통을 이용해 주세요. 기념물 시설물 풀과 나무를 보호합니다. 야생동물보호를 위해 음식물 반입을 금지합니다. 야영 취사행위 및 불을 피우지 않습니다. 애완동물은 생태계 보전과 대중의 이용에 불편함이 없도록 출입을 자제하여 주시기 바랍니다. 음주/가무/소란행위를 하지 않습니다. 쓰레기는 되가져 가시기 바랍니다. ,도봉구,서울특별시 도봉구 쌍문동 산80,도봉구청 공원녹지과,02-2091-3754,http://parks.seoul.go.kr/file/info/view.do?fIdx=1853,127.0271316,37.6531456,69.19155799018012,53.78633499145508,92.81732940673828,39.0309944152832,0.390309944152832,4.24148498758231e-06,0.3243082109489126,0.32430821094891255,0.22701702010973507,easy
수락산도시자연공원,1977.7.9,6691885.3,등산로 및 휴게시설,소나무 상수리나무 모기나무 팥배나무,일반사항 공원을 깨끗하게 이용합니다. 대중교통을 이용해 주세요. 기념물 시설물 풀과 나무를 보호합니다. 야생동물보호를 위해 음식물 반입을 금지합니다. 야영 취사행위 및 불을 피우지 않습니다. 애완동물은 생태계 보전과 대중의 이용에 불편함이 없도록 출입을 자제하여 주시기 바랍니다. 음주/가무/소란행위를 하지 않습니다. 쓰레기는 되가져 가시기 바랍니다.,노원구,서울특별시 노원구 상계동 산3-1,노원구청 공원녹지과,02-2116-3966 ,http://parks.seoul.go.kr/file/info/view.do?fIdx=1855,127.0813633,37.699232,569.2605183919271,526.0999145507812,613.91845703125,87.81854248046875,0.8781854248046875,8.653216309263359e-05,0.7389162541215176,0.7389162541215177,0.5172673375339901,hard
송파나루근린공원(석촌호수),1981.11.26,285757.0,휴게소 서울놀이마당 매직아일랜드 석촌호수,,일반사항 공원을 깨끗하게 이용합니다. 대중교통을 이용해 주세요. 기념물 시설물 풀과 나무를 보호합니다. 야생동물보호를 위해 음식물 반입을 금지합니다. 야영 취사행위 및 불을 피우지 않습니다. 애완동물은 생태계 보전과 대중의 이용에 불편함이 없도록 출입을 자제하여 주시기 바랍니다. 음주/가무/소란행위를 하지 않습니다. 쓰레기는 되가져 가시기 바랍니다. ,송파구,서울특별시 송파구 잠실로 148 (잠실동) ,송파구청 공원녹지과,02-400-3595,http://parks.seoul.go.kr/file/info/view.do?fIdx=1856,127.0983002,37.5069328,12.467405001322428,7.838271141052246,15.74780941009521,7.909538269042963,0.0790953826904296,3.6950112502374773e-06,0.059830766494548965,0.059830766494548944,0.04188264504955934,easy
선유도근린공원,2003.4.26 ,110407.0,녹색기둥의 정원 시간의 정원 수질정화원 수생식물원 선유정 네개의 원형공간 카페테리아나루 선유교 전망데크,,선유도공원 개방시간 : 06:00~24:00   프로그램 예약 탐방안내 신청은 인터넷으로 가능    일반사항 공원을 깨끗하게 이용합니다. 대중교통을 이용해 주세요. 기념물 시설물 풀과 나무를 보호합니다. 야생동물보호를 위해 음식물 반입을 금지합니다. 야영 취사행위 및 불을 피우지 않습니다. 애완동물은 생태계 보전과 대중의 이용에 불편함이 없도록 출입을 자제하여 주시기 바랍니다. 음주/가무/소란행위를 하지 않습니다. 쓰레기는 되가져 가시기 바랍니다. ,영등포구,서울특별시 영등포구 선유로 343 (당산동 1) 선유도공원관리사무소,서부공원여가센터 ,02-2631-9367,http://parks.seoul.go.kr/file/info/view.do?fIdx=1857,126.90014,37.543418,5.497011270787981,0.0,13.55436611175537,13.55436611175537,0.1355436611175537,1.427573900354217e-06,0.10780183941639794,0.10780183941639797,0.07546171586364868,easy
손기정체육공원,1987.9.18,29682.2,손기정기념관 문화도서관 테니스장 게이트볼장 어린이놀이터 화장실 등,"수 목 : 대왕참나무, 배롱나무, 단풍나무 등 초화류 : 비비추, 호스타, 맥문동 등",일반사항 공원을 깨끗하게 이용합니다. 대중교통을 이용해 주세요. 기념물 시설물 풀과 나무를 보호합니다. 반려동물 동반 시 목줄 착용 및 배변 수거하여 주세요 . 야영 취사행위 및 불을 피우지 않습니다. 행상 또는 노점에 의한 상행위를 하지 않습니다. 이륜 이상의 바퀴가 있는 동력장치 출입을 제한합니다(장애인 또는 노약자 제외). 무단 경작 및 무단 채취를 하지 않습니다. 음주/가무/흡연/소란행위를 하지 않습니다. 쓰레기는 되가져 가시기 바랍니다. ,중구,서울특별시 중구 손기정로 101 ,중구청 공원녹지과,02-3396-5854,https://parks.seoul.go.kr/file/info/view.do?fIdx=229885,126.9652702,37.5560189,56.02149412367079,43.55747222900391,73.56391906738281,30.0064468383789,0.300064468383789,3.837277265198502e-07,0.24761548586301343,0.24761548586301343,0.17333095522242736,easy
성북근린공원,1990.8.25,137759.0,생태연못 전망대 휴게광장 나무집 야외학습장 바닥분수 등,소나무 팥배나무 밤나무 국수나무 등,일반사항 공원을 깨끗하게 이용합니다. 대중교통을 이용해 주세요. 기념물 시설물 풀과 나무를 보호합니다. 야생동물보호를 위해 음식물 반입을 금지합니다. 야영 취사행위 및 불을 피우지 않습니다. 애완동물은 생태계 보전과 대중의 이용에 불편함이 없도록 출입을 자제하여 주시기 바랍니다. 음주/가무/소란행위를 하지 않습니다. 쓰레기는 되가져 가시기 바랍니다. ,성북구,서울특별시 성북구 돈암동 616-1055,성북구청 공원녹지과,02-2241-3683,http://parks.seoul.go.kr/file/info/view.do?fIdx=1859,127.0078625,37.5948509,125.85187106662326,106.3581466674805,145.2807769775391,38.922630310058594,0.3892263031005859,1.7812605065361785e-06,0.3233873073290525,0.3233873073290525,0.2263716495084887,easy
봉제산공원,1977.7.9,917190.0,법성사 용문사 약수터 배드민턴장,아까시나무 리기다소나무 상수리나무 신갈나무 등,일반사항 공원을 깨끗하게 이용합니다. 대중교통을 이용해 주세요. 기념물 시설물 풀과 나무를 보호합니다. 야생동물보호를 위해 음식물 반입을 금지합니다. 야영 취사행위 및 불을 피우지 않습니다. 애완동물은 생태계 보전과 대중의 이용에 불편함이 없도록 출입을 자제하여 주시기 바랍니다. 음주/가무/소란행위를 하지 않습니다. 쓰레기는 되가져 가시기 바랍니다. ,강서구,서울특별시 강서구 화곡동 산41-6,강서구청 공원녹지과,02-2600-4184,http://parks.seoul.go.kr/file/info/view.do?fIdx=1470,126.8517836,37.5421979,65.32603793674045,45.43110275268555,88.12471008300781,42.693607330322266,0.4269360733032226,1.1860022759498023e-05,0.3554339558126247,0.35543395581262466,0.24880732707566516,easy
서울창포원,2009.6.7,51470.0,붓꽃원 약용식물원 수변식물원초화원. 방문자센터 등,수 목 : 낙우송 느티나무 스트로브잣나무 소나무 등 39종 2726주 관 목 : 갯버들 골담초 조팝나무 사철나무 화살나무 등 18종 57035주 초 화 : 달뿌리풀 맥문동 터리풀 구절초 물억새 .꽃나리등 46종 438512본 붓 꽃 : 꽃창포 노랑꽃창포 부채붓꽃 타래붓꽃 범부채 등 130종 218453본,일반사항 공원을 깨끗하게 이용합니다. 대중교통을 이용해 주세요. 기념물 시설물 풀과 나무를 보호합니다. 야생동물보호를 위해 음식물 반입을 금지합니다. 야영 취사행위 및 불을 피우지 않습니다. 애완동물은 생태계 보전과 대중의 이용에 불편함이 없도록 출입을 자제하여 주시기 바랍니다. 음주/가무/소란행위를 하지 않습니다. 쓰레기는 되가져 가시기 바랍니다. ,도봉구,서울특별시 도봉구 마들로 916(서울창포원) ,북부공원여가센터,02-954-0031,http://parks.seoul.go.kr/file/info/view.do?fIdx=1471,127.047938,37.689585,28.98252402411567,28.0352668762207,30.26342391967773,2.2281570434570312,0.0222815704345703,6.654640908870386e-07,0.011549054339011043,0.011549054339011041,0.008084537676534996,easy
북서울꿈의숲,2009.10.17,662543.0,조경시설 : 청운답원 월영지 월광폭포 단풍숲 초화원 사슴동산 칠폭지 볼플라자 산책로 쉼터 데크 계류 옥상녹화 등 건축시설 : 방문자센터(서울디자인갤러리) 전망대 공연장(2) 미술관 창녕위궁재서 주차장(402대) 레스토랑(2) 카페(2) 기타시설 : 태양광발전시설 경사형엘리베이터(2) Open스튜디오 ,수 목 : 소나무 등 89종 207652주 초 화 : 국화 등 94종 202300본 잔 디 : 55664㎡,일반사항 공원을 깨끗하게 이용합니다. 대중교통을 이용해 주세요. 기념물 시설물 풀과 나무를 보호합니다. 야생동물보호를 위해 음식물 반입을 금지합니다. 야영 취사행위 및 불을 피우지 않습니다. 애완동물은 생태계 보전과 대중의 이용에 불편함이 없도록 출입을 자제하여 주시기 바랍니다. 음주/가무/소란행위를 하지 않습니다. 쓰레기는 되가져 가시기 바랍니다. ,강북구,서울특별시 강북구 월계로 173,북부공원여가센터,02-2289-4000,http://parks.seoul.go.kr/file/info/view.do?fIdx=1472,127.0407344,37.6233355,72.03301747639973,52.13409423828125,87.1824722290039,35.048377990722656,0.3504837799072265,8.567202007654724e-06,0.2904630010956134,0.2904630010956134,0.2033266709275317,easy
서서울호수공원,2009.10.26,217946.0,소리분수(노즐41개) 미디어벽천 실개천 건천(계류시설) 백인의 식탁 음수전 등 체육시설 : 축구장 (3010㎡)ㆍ농구장 1면(240㎡)ㆍ배드민턴장 4면(1050㎡) 철봉 등 12 종(53개) ,수 목 : 소나무 등 47종 1685주 관 목 : 눈주목 등 44종 13816주 초 화 : 원추리 수호초 맥문동 등 3종 5710본 잔디(23378㎡) : 금잔디 : 22961㎡ 및 양잔디(벤트크라스) 417㎡,일반사항 공원을 깨끗하게 이용합니다. 대중교통을 이용해 주세요. 기념물 시설물 풀과 나무를 보호합니다. 야생동물보호를 위해 음식물 반입을 금지합니다. 야영 취사행위 및 불을 피우지 않습니다. 애완동물은 생태계 보전과 대중의 이용에 불편함이 없도록 출입을 자제하여 주시기 바랍니다. 음주/가무/소란행위를 하지 않습니다. 쓰레기는 되가져 가시기 바랍니다. ,양천구,서울특별시 양천구 남부순환로64길 20 (신월동),서부공원여가센터,02-2604-3004 ,http://parks.seoul.go.kr/file/info/view.do?fIdx=1473,126.8304789,37.5278392,33.56869888305664,21.75240898132324,60.30941390991211,38.55700492858887,0.3855700492858886,2.8181524299755224e-06,0.3202801369555208,0.32028013695552077,0.22419694131459356,easy
중랑캠핑숲,2010.11.20 ,179666.0,조경시설  수경시설 : 2900㎡(분수연못 1120 테라스연못 440 계류 720 건천 620) 잔디광장 : 5000㎡(청소년문화존/Wi-Fi) 산 책 로 : 1767㎡(산책로 797 등산로 970) 조경수목 : 82473주(교목 2411 관목 80062) 기타녹지 : 90480㎡(지피식물 6000 잔디 14480 녹지 70000 초화 164000본)       휴양시설  캠 핑 장 : 47면(37200㎡/관리사무소 1동 화장실 1동 식기세척장 1동 운동시설 등)       교양시설  청소년독서실 : 936㎡(2층) 청소년커뮤니티센터 : 390㎡(3층) 생태학습존 청소년문화존 일부 : 24400㎡   관리시설 관리사무소 : 576㎡(공원 196 캠핑장 380/ 스파 화장실 매점 등) 주 차 장 : 68면(청소년문화존 58 가족캠프존 10) 공 원 등 : 136주 (공원등 90 보안등 46) ,,일반사항 공원을 깨끗하게 이용합니다. 대중교통을 이용해 주세요. 기념물 시설물 풀과 나무를 보호합니다. 야생동물보호를 위해 음식물 반입을 금지합니다. 야영 취사행위 및 불을 피우지 않습니다. 애완동물은 생태계 보전과 대중의 이용에 불편함이 없도록 출입을 자제하여 주시기 바랍니다. 음주/가무/소란행위를 하지 않습니다. 쓰레기는 되가져 가시기 바랍니다. ,중랑구,서울특별시 중랑구 송림길 160(중랑캠핑숲)/중랑구 망우동 74(청소년체험의숲),북부공원여가센터 ,02-435-7168~9,http://parks.seoul.go.kr/file/info/view.do?fIdx=1474,127.1093075,37.6049896,38.15580919053819,34.65615844726562,43.07031631469727,8.414157867431655,0.0841415786743165,2.3231566971353105e-06,0.06411914237183103,0.06411914237183101,0.044884096607290855,easy
솔밭근린공원,2004.1.28,34955.0,"   - 조경시설: 생태연못, 그늘시렁, 산책로, 데크광장 등     - 운동시설: 배드민턴장(6면), 운동시설(27점) 등     - 어린이놀이터: 2개소    - 교양시설: 야외무대, 놀이마당, 조형물, 장기바둑쉼터 등    - 편익시설: 화장실, 음수대 등    - 관리시설: 관리사무소, 공원등, 안내표지판 등    - 수경시설: 바닥분수 63㎡    - 기   타 : 반려동물 산책로 약800m","수    목 : 소나무 약 1,000주 (60년 ~ 100년생) 초 화 류 : 옥잠화, 비비추, 원추리, 노루오줌, 하늘매발톱, 금낭화 등 약 340,000본",일반사항 공원을 깨끗하게 이용합니다. 대중교통을 이용해 주세요. 기념물 시설물 풀과 나무를 보호합니다. 야생동물보호를 위해 음식물 반입을 금지합니다. 야영 취사행위 및 불을 피우지 않습니다. 애완동물은 생태계 보전과 대중의 이용에 불편함이 없도록 출입을 자제하여 주시기 바랍니다. 음주/가무/소란행위를 하지 않습니다. 쓰레기는 되가져 가시기 바랍니다. ,강북구,서울특별시 강북구 우이동 80번지 일대,강북구청 공원녹지과,02-901-6953,http://parks.seoul.go.kr/file/info/view.do?fIdx=1526,127.0116241,37.652331,43.00756327311198,39.32206726074219,46.99905395507812,7.67698669433593,0.0767698669433593,4.519098973693766e-07,0.0578544885886135,0.05785448858861351,0.04049827758499867,easy
금천체육공원(관악산),2001.6.1,18083.0,전망대 목재데크길 다목적운동장 농구장 배드민턴장 간이무대 조합놀이대 황톳길 지압로 야외운동기구 등,수  목 : 소나무 느티나무 단풍나무 등,일반사항 공원을 깨끗하게 이용합니다. 대중교통을 이용해 주세요. 기념물 시설물 풀과 나무를 보호합니다. 야생동물보호를 위해 음식물 반입을 금지합니다. 야영 취사행위 및 불을 피우지 않습니다. 애완동물은 생태계 보전과 대중의 이용에 불편함이 없도록 출입을 자제하여 주시기 바랍니다. 음주/가무/소란행위를 하지 않습니다. 쓰레기는 되가져 가시기 바랍니다. ,금천구,서울특별시 금천구 독산동 산118-4 일대 (금천체육공원),금천구청 공원녹지과,02-2627-1655,http://parks.seoul.go.kr/file/info/view.do?fIdx=1527,126.908681,37.468164,69.83109452989366,52.05429840087891,83.76142883300781,31.7071304321289,0.317071304321289,2.3373936433698213e-07,0.26206829451653146,0.26206829451653146,0.18344787628338133,easy
금천폭포근린공원,2008.10.20,4835.0,문화회관 2020㎡ 인공폭포(L30 x H12m) 공원시설 전망대 등,수 목 : 장송 왕벚나무 단풍나무 산수유 배롱나무 황매화 남천 등 초 화 : 비비추 벌개미취 노루오줌 맥문동 옥잠화 돌단풍 금낭화 등,일반사항 공원을 깨끗하게 이용합니다. 대중교통을 이용해 주세요. 기념물 시설물 풀과 나무를 보호합니다. 야생동물보호를 위해 음식물 반입을 금지합니다. 야영 취사행위 및 불을 피우지 않습니다. 애완동물은 생태계 보전과 대중의 이용에 불편함이 없도록 출입을 자제하여 주시기 바랍니다. 음주/가무/소란행위를 하지 않습니다. 쓰레기는 되가져 가시기 바랍니다. ,금천구,서울특별시 금천구 시흥대로38길 61(시흥동 937-2),금천구 공원녹지과,02-2627-1657 ,http://parks.seoul.go.kr/file/info/view.do?fIdx=1528,126.9040127,37.4468663,30.96027925279405,24.09683799743652,43.88646697998047,19.78962898254395,0.1978962898254395,6.243049629447608e-08,0.1607905678942127,0.1607905678942127,0.11255341625509777,easy
만수천공원(관악산),2008.9.12,19650.0,체육시설 : 생활체육시설 독산테니스장(8면) 배드민턴장(2개소) 다목적 광장 편익시설 : 정자(3동) 화장실(2개소) 만수천 약수터,수 목 : 산벚나무 산사나무 복자기 산딸나무 팥배나무 생강나무 등 초 화 : 비비추 벌개미취 노루오줌 쑥부쟁이 옥잠화 돌단풍. 맥문동 감국 등 ,일반사항 공원을 깨끗하게 이용합니다. 대중교통을 이용해 주세요. 기념물 시설물 풀과 나무를 보호합니다. 야영 취사행위 및 불을 피우지 않습니다. 애완동물은 목줄을 채우고 배설물은 스스로 치웁니다. 음주/가무/소란행위를 하지 않습니다. 쓰레기는 되가져 가시기 바랍니다. ,금천구,서울특별시 금천구 독산동 산8 일대,금천구청 공원녹지과,02-2627-1662,http://parks.seoul.go.kr/file/info/view.do?fIdx=1529,126.9090028,37.4734274,73.05376731024847,47.12675857543945,92.38337707519533,45.25661849975586,0.4525661849975586,2.540021206943649e-07,0.3772150267565586,0.3772150267565586,0.26405059493022726,medium
발바닥공원,2002,7000.0,기반시설 : 산책로 조경시설 : 관상용식수대 그늘시렁 연못 휴양시설 : 정자 운동시설 : 체력단련시설 편익시설 : 화장실 지압보도 관리시설 : 도봉환경교실,수 목 : 소나무 측백나무 조팝나무 덜꿩나무 감국 등 초 화 : 야생 초화류 31종 꽃창포 검정말 수련애기부들 비비추 돌단풍 등 습지식물 비비추 벌개미취 노루오줌 쑥부쟁이 옥잠화 돌단풍. 맥문동 감국 등 ,일반사항 공원을 깨끗하게 이용합니다. 대중교통을 이용해 주세요. 기념물 시설물 풀과 나무를 보호합니다. 야영 취사행위 및 불을 피우지 않습니다. 애완동물은 목줄을 채우고 배설물은 스스로 치웁니다. 음주/가무/소란행위를 하지 않습니다. 쓰레기는 되가져 가시기 바랍니다. ,도봉구,서울특별시 도봉구 시루봉로6길 33,도봉구청 공원녹지과,02-2091-3772,http://parks.seoul.go.kr/file/info/view.do?fIdx=1530,127.031982,37.6597135,32.47062895033095,31.17237663269043,35.68938064575195,4.517004013061523,0.0451700401306152,9.042594461211086e-08,0.031000213514326247,0.03100021351432623,0.021700176587811752,easy
월천근린공원,1988,10712.0,기반시설 : 산책로 조경시설 : 관상용식수대 그늘시렁 연못 휴양시설 : 정자 장의자 운동시설 : 배드민턴장 체력단련시설 유희시설 : 그네 미끄럼틀 시솔 조합놀이대 등 편익시설 : 화장실 음수대 관리시설 : 공원등 안내판,수 목 : 메타세콰이어 측백나무 조팝나무 덜꿩나무 꽃창포 비비추 돌단풍 등,일반사항 공원을 깨끗하게 이용합니다. 대중교통을 이용해 주세요. 기념물 시설물 풀과 나무를 보호합니다. 야영 취사행위 및 불을 피우지 않습니다. 애완동물은 목줄을 채우고 배설물은 스스로 치웁니다. 음주/가무/소란행위를 하지 않습니다. 쓰레기는 되가져 가시기 바랍니다. ,도봉구,서울특별시 도봉구 창동 28번지,도봉구청 공원녹지과,02-2091-3756,http://parks.seoul.go.kr/file/info/view.do?fIdx=1531,127.0509895,37.6473889,23.032562043931748,22.23280906677246,23.65567398071289,1.4228649139404297,0.0142286491394042,1.3842553082691932e-07,0.004705492667186976,0.0047054926671869024,0.0032938863946901094,easy
용두근린공원,2010.3.25,17182.0,"조경시설 : 연못 분수 그늘시렁 편의시설 : 음수대 휴게소 야외전시장 관리시설 : 공원안내판 관리동 기반시설 : 스마트쉼터, 도로 진입광장 휴게광장 ",수 목 : 소나무 상수리 졸참 신갈 팥배 생강 산벚 찔레 국수 병꽃 산초 진달래 초 화 : 구절초 맥문동 비비추 송악 수호초 원추리 등 수생식물 : 수련 어리연꽃 물옥잠 창포 애기부들 줄 ,일반사항 공원을 깨끗하게 이용합니다. 대중교통을 이용해 주세요. 기념물 시설물 풀과 나무를 보호합니다. 야영 취사행위 및 불을 피우지 않습니다. 애완동물은 목줄을 채우고 배설물은 스스로 치웁니다. 음주/가무/소란행위를 하지 않습니다. 쓰레기는 되가져 가시기 바랍니다. ,동대문구,서울특별시 동대문구 용두동 34-1번지 일대,동대문구청 정원도시과,02-2127-4775,http://parks.seoul.go.kr/file/info/view.do?fIdx=1532,127.0390042,37.5732791,13.353142420450846,9.754507064819336,16.92961311340332,7.175106048583984,0.0717510604858398,2.2208860270456228e-07,0.05358938897419149,0.05358938897419147,0.03751263890851485,easy
상암근린공원,2006.1.1,160349.3,조경시설 : 생태연못 생태습지 암석원 그늘시렁 정자 등 편의시설 : 화장실 연식의자 등 관리시설 : 종합안내판 공원등 관리사무소 모유수유실 유모차대여소 등 기반시설 : 운동기구(어깨손목돌리기 등 7종 10조) ,수 목 : 느티나무 서어나무 은행나무 중국단풍 청단풍 측백나무 쥐똥나무 조팝나무 등 초 화 : 수생식물(노랑어리연 수련 노랑꽃창포 생이가래 부래옥잠 등),일반사항 평지형 공원으로 공원 입구 옆 10대 주차가능한 주차장이 있으며 무료로 공원이용프로그램을 운영하고 있으며 선착순 접수를 받고 있습니다. ,마포구,서울특별시 마포구 상암동 1761,마포구청 공원녹지과,02-3153-9553,http://parks.seoul.go.kr/file/info/view.do?fIdx=1533,126.8859012,37.5760106,39.57812648349338,13.1788215637207,69.30471801757812,56.12589645385742,0.5612589645385743,2.0733739366192567e-06,0.4695847038968817,0.4695847038968818,0.3287099147399982,medium
와우근린공원,1940.3.12,87432.4,배드민턴장 약수터 농구장 조깅트랙 체력단련장 지압보도 광장,,일반사항 산지형 공원으로 별도로 공원내 주차장이 없으며 무료로 실내배드민턴장 농구장 게이트볼장을 시민 누구나 사용하실 수 있습니다.  공통사항 실내배드민턴장 이용시간 : 새벽 6시 ~ 밤 10시 ,마포구,서울특별시 마포구 창전동 3-193번지 일대(홍익대 뒷산),마포구청 공원녹지과,02-3153-9553,http://parks.seoul.go.kr/file/info/view.do?fIdx=1534,126.9289936,37.5517298,69.5209363301595,46.28921508789062,94.86927032470705,48.58005523681641,0.4858005523681641,1.1304911165582205e-06,0.4054583727906648,0.4054583727906648,0.28382120010080036,medium
금호근린공원,1976.5.3 ,13467.8,체육관 경로당 청소년 문화회관 어린이집 그늘시렁 음수대 평의자 등의자 운동시설물 공원등 종합안내간판 등 ,수 목 : 소나무 서양측백 선주목 때죽나무 이팝나무 청단풍 왕벗나무 눈주목 사철나무 등 초 화 : 구절초 꽃범의 꼬리 노랑꽃창포 벌개미취 비비추 수호초 옥잠화 원추리 등,일반사항 공원을 깨끗하게 이용합니다. 대중교통을 이용해 주세요. 기념물 시설물 풀과 나무를 보호합니다. 야영 취사행위 및 불을 피우지 않습니다. 애완동물은 목줄을 채우고 배설물은 스스로 치웁니다. 음주/가무/소란행위를 하지 않습니다. 쓰레기는 되가져 가시기 바랍니다. ,성동구,서울특별시 성동구 장터1길 18,성동구청 공원녹지과,02-2286-5655,http://parks.seoul.go.kr/file/info/view.do?fIdx=1535,127.0189457,37.5494726,40.41734250386556,19.31261444091797,65.4520492553711,46.139434814453125,0.4613943481445312,1.7406056845913083e-07,0.3847174071637157,0.38471740716371566,0.2693022372327715,medium
달맞이근린공원,2007.12.2,63411.4,경로당 어린이놀이터 배드민턴장 화장실 음수대 공원등,수 목 : 아카시아 개나리 스트로브잣나무 느티나무 은행나무 단풍나무 무궁화 영산홍 자산홍 회양목 등 초 화 : 줄사철 맥문동 비비추 등,일반사항 공원을 깨끗하게 이용합니다. 대중교통을 이용해 주세요. 기념물 시설물 풀과 나무를 보호합니다. 야영 취사행위 및 불을 피우지 않습니다. 애완동물은 목줄을 채우고 배설물은 스스로 치웁니다. 음주/가무/소란행위를 하지 않습니다. 쓰레기는 되가져 가시기 바랍니다. ,성동구,서울특별시 성동구 옥수동 산1-1,성동구청 공원녹지과,02-2286-5655,http://parks.seoul.go.kr/file/info/view.do?fIdx=1536,127.0212054,37.543564,40.41124863094754,13.20177364349365,72.58596801757812,59.38419437408447,0.5938419437408448,8.198774149240844e-07,0.49727448496507015,0.49727448496507015,0.3480923854387736,medium
문정근린공원,2006.3,49972.0,조경시설 : 바닥분수 초가정자 사각정자 휴게벤치 등 기반시설 : 경화토포장로 마사토산책로 등 ,수 목 : 소나무 메타세콰이아 은행나무 등 38종 30966주,공원을 깨끗하게 이용합시다. 대중교통을 이용해주세요. 기념물 시설물 풀과 나무를 보호합니다. 야생동물보호를 위해 음식물 반입을 금지합니다. 야영 취사행위 및 불을 피우지 않습니다. 애완동물은 생태계 보전과 대중의 이용에 불편함이 없도록 출입을 자제하여주시기 바랍니다. 음주/가무/소란행위를 하지 않습니다. 쓰레기는 되가져 가시기 바랍니다. ,송파구,서울특별시 송파구 문정동 18-4,송파구청 공원녹지과,02-400-0978,http://parks.seoul.go.kr/file/info/view.do?fIdx=1537,127.1275819,37.4862156,27.07308006286621,23.22799301147461,30.66669845581055,7.438705444335941,0.0743870544433594,6.460935682173773e-07,0.05582951855619418,0.055829518556194176,0.03908085681740639,easy
문화예술공원,1994.10.25,74385.0,놀이마당 중앙광장 잔디광장 야외무대 원두막 1동 조각작품 12개소 모래놀이터 등 ,,일반사항 공원을 깨끗하게 이용합니다. 대중교통을 이용해 주세요. 기념물 시설물 풀과 나무를 보호합니다. 야영 취사행위 및 불을 피우지 않습니다. 애완동물은 목줄을 채우고 배설물은 스스로 치웁니다. 음주/가무/소란행위를 하지 않습니다. 쓰레기는 되가져 가시기 바랍니다. ,서초구,서울특별시 서초구 바우뫼로12길 40 (양재동),서초구청 푸른도시과,02-2155-6865,http://parks.seoul.go.kr/file/info/view.do?fIdx=1539,127.030517,37.467654,18.48153347439236,13.64814949035645,27.34553718566895,13.697387695312498,0.136973876953125,9.617761916716118e-07,0.10901727042782815,0.10901727042782818,0.07631237783233721,easy
세종로공원,2010.11.12,8868.0,휴게?편익공간 : 야외무대 382㎡ 매점 18㎡ 디자인파라솔 2개소 야외테이블 14개 등 상징광장 : 조선시대 사헌부 및 병조터 흔적복원 490㎡ 한글글자마당 : 168㎡(전국민 공모 11172자로 구성) ,목 본 : 느티나무 은행나무 소나무 배롱나무 등8종 9553주 초 본 : 감국 구절초 등 38종 4700본,공통사항 개방시간 : 도심 열린 광장으로 연중 24시간 상시 개방 이용요금 : 무료(없음)  일반사항 공원을 깨끗하게 이용합니다. 대중교통을 이용해 주세요. 기념물 시설물 풀과 나무를 보호합니다. 야생동물보호를 위해 음식물 반입을 금지합니다. 야영 취사행위 및 불을 피우지 않습니다. 애완동물은 생태계 보전과 대중의 이용에 불편함이 없도록 출입을 자제하여 주시기 바랍니다. 음주/가무/소란행위를 하지 않습니다. 쓰레기는 되가져 가시기 바랍니다. ,종로구,서울특별시 종로구 세종대로 189 (우) 03172,종로구청 도시녹지과,02-2148-2843 ,http://parks.seoul.go.kr/file/info/view.do?fIdx=1698,126.9758875,37.5735,30.622290081448025,29.45630073547363,32.5802001953125,3.1238994598388707,0.0312389945983887,1.1458090879564054e-07,0.019161283794497677,0.019161283794497677,0.013412933030421013,easy
샘말공원(관악산근린공원 샘말지구),2009.9.29,10634.0,"음수대, 화장실, 세족대, 황톳길, 휴게시설, 바닥분수, 어린이놀이시설, 생활체육시설, 유아숲체험원","교목류 : 배롱나무, 이팝나무, 은행나무, 왕벚나무 등  관목류 : 회양목, 산철쭉, 화살나무, 개쉬땅나무, 박태기나무 등",일반사항 공원을 깨끗하게 이용합니다. 기념물 시설물 풀과 나무를 보호합니다. 야영 취사행위 및 불을 피우지 않습니다. 음주/가무/소란행위를 하지 않습니다. 진입광장에서 공놀이를 하지 않습니다. 쓰레기는 되가져 가시기 바랍니다.   ㅇ 바닥분수 운영시간: 매년 5월~9월 10:00~16:00 ※ 기상여건 및 시설상태에 따라 운영시간이 변동될 수 있습니다.,관악구,서울특별시 관악구 대학동 산63-1일대 샘말공원,관악구청 공원녹지정책과,02-879-6525,http://parks.seoul.go.kr/file/info/view.do?fIdx=1699,126.938511,37.4642128,107.18739403618709,76.47102355957031,146.9684753417969,70.49745178222659,0.704974517822266,1.3741691883210385e-07,0.5917175568142014,0.5917175568142015,0.41420233099501663,medium
초안산생태공원,2012.4.6,22113.0,조경시설 : 잔디광장 계류 생태연못 녹지대 편의시설 : 음수대 유희시설 : 조합놀이대 시소 그네 운동시설 : 생활체육시설 관리시설 : CCTV 공원등 공원안내판 유희시설 : 산책로 중앙진입로 ,수 목 : 소나무 잣나무 상수리나무 등 큰나무 23종 560주 무궁화 화살나무 등 10종 21595주 초 화 : 구절초 백리향 등 7종 4910본 잔디 14587㎡ 옥잠화 식생매트 등 8종 1173㎡ 키큰나무 : 소나무 잣나무 갈참나무 계수나무 느티나무 때죽나무 마가목 메타세쿼이아 모감 주나무 물푸레나무 산벚나무 산수유 상수리나무 수양버들 이팝나무 자작나무 청단풍 팥배나무 홍단풍 회화나무 스트로브잣나무 배롱나무 매화나무 키작은 나무 : 눈주목 사철나무 회양목 매자나무 무궁화 산수국 산철쭉 영산홍 조팝나무 화살나무 초화류 : 구절초 백리향 수호초 큰고랭이 노랑꽃창포 털부처 상록패랭이 식생매트 : 맥문동식생매트 벌개미취식생매트 옥잠화식생매트 원추리식생매트 금계국식생매트 바늘꽃(분홍색)식생매트 바늘꽃(흰색)식생매트 혼합1(수크령혼합)식생매트 잔디 : 0.4×0.6 0.18×0.18 ,일반사항 자전거나 인라인 스케이트 이용불가합니다. 애견 동반시 목줄 착용하시고 배설물은 스스로 치웁니다. 자기 쓰레기는 되가져가세요 음주 및 흡연 불가합니다. 각종 음식물 배달행위 금지합니다. 공원을 깨끗하게 이용합니다. 대중교통을 이용해 주세요. 시설물 풀과 나무를 보호합니다. 음주 가무 소란행위를 하지 않습니다. ,도봉구,서울특별시 도봉구 창동 산24,도봉구청 공원녹지과,02-2091-3754,http://parks.seoul.go.kr/file/info/view.do?fIdx=1708,127.0405382,37.6479483,36.40849516126845,32.458984375,39.60432434082031,7.1453399658203125,0.0714533996582031,2.858509840691152e-07,0.05333642981110606,0.053336429811106055,0.03733558662306946,easy
푸른수목원,2013,200956.0,"KB숲교육센터,20개의 주제정원,항동저수지,잔디마당,편의시설",,푸른수목원 개방시간 : 05:00~22:00  (축제기간 및 행사기간에 따라 변동될수 있음)   버스를 이용한 단체관람(30인 이상)은  푸른수목원 관리사무실 ( 2686-3200)로 전화 예약하여 주시기 바랍니다.    - 관람시 유의사항    화단과 관람지역 외의 출입을 제한합니다.  식물 씨앗 및 토석 등의 채취 및 반출을 제한합니다 ,구로구,서울특별시 구로구 서해안로 2117(항동81-1) 푸른수목원관리사무소,서울식물원,02-2686-3200,http://parks.seoul.go.kr/file/info/view.do?fIdx=1718,126.82407,37.483029,23.279869715372723,21.25670051574707,26.80769920349121,5.550998687744141,0.0555099868774414,2.5984560480278945e-06,0.03978734313494707,0.03978734313494708,0.02785191973127736,easy
서오능도시자연공원,,1082847.0,산책로(둘레길) 탑골생태공원 유아숲체험장 운동시설 등,,공원을 깨끗하게 이용합시다. 대중교통을 이용해주세요. 기념물 시설물 풀과 나무를 보호합니다. 야생동물보호를 위해 음식물 반입을 금지합니다. 야영 취사행위 및 불을 피우지 않습니다. 애완동물은 생태계 보전과 대중의 이용에 불편함이 없도록 출입을 자제하여주시기 바랍니다. 음주/가무/소란행위를 하지 않습니다. 쓰레기는 되가져 가시기 바랍니다. ,은평구,서울특별시 은평구 구파발동 갈현동 진관내동,은평구청 공원녹지과,02-351-8003,http://parks.seoul.go.kr/file/info/view.do?fIdx=1726,126.9134338,37.6374823,75.936829884847,47.08309936523438,100.9996871948242,53.91658782958982,0.5391658782958982,1.4002120672640945e-05,0.4508094802630136,0.4508094802630136,0.3155708368203113,medium
청계산도시자연공원,1971.8 6,3607700.0,정자 4동 파고라 약수터 화장실 등,,,서초구,서울특별시 서초구 원지동 산 33,서초구청 푸른도시과,02-2155-6869,http://parks.seoul.go.kr/file/info/view.do?fIdx=1736,127.0424726,37.4224347,572.0371636284722,545.2955932617188,606.3676147460938,61.072021484375,0.61072021484375,4.665080042835694e-05,0.5116180362022882,0.5116180362022883,0.3581466205817303,medium
개화근린공원,1997.7.9,386500.0,약사사 약사사 3층석탑 미타사 약수터 6?25전사자위령탑 운동시설 등,아까시나무 리기다소나무 상수리나무 신갈나무 산벚나무 등,개화산 제1등산로(강서둘레길 1코스) -------- 3.35㎞  방화근린공원 약사사 봉화정 신선바위 하늘길전망대 방화근린공원  개화산 제2등산로(정상길) -------- 1.2㎞  방원중학교 앞 약수터 약사사삼거리 개화산전망대  개화산 제3등산로(무장애 숲길) -------- 0.7㎞  장애인주차장 소나무북카페 참나무북카페 하늘길전망대 ,강서구,서울특별시 강서구 개화동 산17,강서구청 공원녹지과,02-2600-4183,http://parks.seoul.go.kr/file/info/view.do?fIdx=1730,126.8068278,37.5813917,100.5188217163086,77.07569885253906,114.6632080078125,37.58750915527344,0.3758750915527343,4.997711227079732e-06,0.3120411341488752,0.31204113414887513,0.21843029321758073,easy
아차산공원,2002.3,23450.0,"어울림광장, 어울림정원, 여가센터, 습지원, 맨발길, 약수터 등",,,광진구,서울특별시 광진구 광장동 370,광진구청 공원녹지과,02-450-1395,http://parks.seoul.go.kr/file/info/view.do?fIdx=1731,127.1010031,37.5517142,77.35715950859918,45.22590255737305,108.9430236816406,63.71712112426755,0.6371712112426755,3.031396281340934e-07,0.5340967142499558,0.5340967142499559,0.3738677909168575,medium
인능산도시자연공원,1971.8.6,2108968.0,"옹달샘 1개소, 등산 동선상 헬기장 등",,코스설명  - 1코스 : 서울특별시립 어린이병원 → 내곡보금자리 뒤(홍씨마을) → 인능산 헬기장  - 2코스 : 새쟁이마을 → 내곡터널 → 인능산 헬기장 ,서초구,서울특별시 서초구 내곡동 산12-404,서초구청 푸른도시과,02-2155-6873,http://parks.seoul.go.kr/file/info/view.do?fIdx=1732,127.0666632,37.4482109,179.49004703097873,126.3105850219727,244.8512420654297,118.540657043457,1.18540657043457,2.72708123230519e-05,1.0,1.0,0.7000081812436969,hard
구룡산도시자연공원,1971.8.6,2201257.0,"국수봉 전망대, 율암약수터, ","물박달나무, 신갈나무, 리기다소나무",코스설명  - 제1등산로 : 코트라 → 쉼터 → 전망대  - 제2등산로 : 염곡약수터 → 쉼터 → 전망대  - 제3등산로 : 염곡마을 → 쉼터 → 전망대 ,서초구,서울특별시 서초구 염곡동 산25-1,서초구청 푸른도시과,02-2155-6873,http://parks.seoul.go.kr/file/info/view.do?fIdx=1733,127.061567,37.4689473,267.42891099717883,238.4941711425781,306.4009704589844,67.90679931640628,0.6790679931640627,2.8464194276763768e-05,0.5697015836409047,0.5697015836409047,0.39879964780691635,medium
우면산도시자연공원,1971.8.6,3721692.0,약수터 정자 화장실 등,,주 등산로와 정류장(지하철버스) 연계현황  - 우면산을 이용하는 시민들은 주로 북측사면 [서초약수터~소망탑] 등산로와 [임광A~소망탑] 등산로를 이용하고 있으며 현재는 등산로 입구 앞에 종합안내판이 설치되어 있으나 2011년 산사태 이전 등산 안내도로써 최근 현황으로 교체 필요하며 등산로 내 방향안내판 역시 노후되어 있어 전체적인 교체 필요  - 우면산 남측사면 [송동마을~공군부대] [형촌마을~소망탑] 등산로는 보금자리주택 건설로 인하여 이용률이 높아질 것으로 예상되므로 등산로 입구에 종합안내판 설치 및 등산로 내 방향안내판 신규 설치가 필요 함.  ※ 안내판 설치 소요예산(95000천원)  - 방향안내판 1500천원 × 30개소 = 45000천원  - 종합안내판 10000천원 × 5개소 = 50000천원 ,서초구,서울특별시 서초구 우면동 산35-1,서초구청 푸른도시과,02-2155-6883,http://parks.seoul.go.kr/file/info/view.do?fIdx=1673,127.0091324,37.470484,261.1298472086589,235.3432769775391,269.2871704101562,33.9438934326171,0.339438934326171,4.812482220416471e-05,0.2810768318882849,0.2810768318882849,0.1967682197684607,easy
향림근린공원,,147859.0,산책로 구민체육센터 다목적체육관 축구장 등,,이용시 참고사항 공원을 깨끗하게 이용합시다. 대중교통을 이용해주세요. 기념물 시설물 풀과 나무를 보호합니다. 야생동물보호를 위해 음식물 반입을 금지합니다. 야영 취사행위 및 불을 피우지 않습니다. 애완동물은 생태계 보전과 대중의 이용에 불편함이 없도록 출입을 자제하여주시기 바랍니다. 음주/가무/소란행위를 하지 않습니다. 쓰레기는 되가져 가시기 바랍니다. ,은평구,서울특별시 은평구 진관동 산55,은평구청 공원녹지과,02-351-8002,http://parks.seoul.go.kr/file/info/view.do?fIdx=1734,126.9240693,37.6293824,89.15794033474393,65.54124450683594,114.9350357055664,49.39379119873047,0.4939379119873047,1.9118628289417724e-06,0.4123736921335755,0.41237369213357555,0.28866215805235157,medium
신사근린공원,,111650.0,산책로 자연학습장 놀이터 등,,이용시 참고사항 공원을 깨끗하게 이용합시다. 대중교통을 이용해주세요. 기념물 시설물 풀과 나무를 보호합니다. 야생동물보호를 위해 음식물 반입을 금지합니다. 야영 취사행위 및 불을 피우지 않습니다. 애완동물은 생태계 보전과 대중의 이용에 불편함이 없도록 출입을 자제하여주시기 바랍니다. 음주/가무/소란행위를 하지 않습니다. 쓰레기는 되가져 가시기 바랍니다. ,은평구,서울특별시 은평구 신사동 산80-4,은평구청 공원녹지과,02-351-8004,http://parks.seoul.go.kr/file/info/view.do?fIdx=1735,126.9102948,37.5920771,50.37504662407769,26.04908752441406,68.50823211669922,42.45914459228516,0.4245914459228516,1.4436470376562124e-06,0.35344143639179687,0.3534414363917968,0.2474094385683691,easy
광평근린공원,1971.8.6 ,519782.0,사당 재실 종회당 ,신갈나무 상수리나무 아까시나무현사시나무 등,,강남구,서울특별시 강남구 수서동 산10-1,강남구청 공원녹지과,02-3423-6243,http://parks.seoul.go.kr/file/info/view.do?fIdx=1946,127.092184,37.4880445,57.18231116400825,41.9071159362793,73.14768981933594,31.24057388305664,0.3124057388305664,6.721170507759177e-06,0.25810338737297595,0.25810338737297595,0.1806743875122355,easy
청담근린공원,1990.4.30 ,59347.0,청소년회관 시비광장 실개천 배드민턴장 농구장 약수터 운동광장 등 ,신갈나무 상수리나무 아까시나무 산벚나무 때죽나무 팥배나무 밤나무 쪽동백나무 등,,강남구,서울특별시 강남구 청담동 66,강남구청 공원녹지과,02-3423-6244,http://parks.seoul.go.kr/file/info/view.do?fIdx=1948,127.052453,37.5213259,47.2210750579834,29.73159599304199,65.99940490722656,36.26780891418457,0.3626780891418457,7.673209714403916e-07,0.30082601151550964,0.30082601151550964,0.21057843825714817,easy
허브천문공원,2006.9.21 ,25500.0,유리온실 관천대 전망데크 휴게데크 그늘막 별자리조명 등 ,허브 및 숙근 초화류 등 약 190종,일반사항 공원을 깨끗하게 이용합니다. 대중교통을 이용해 주세요. 기념물 시설물 풀과 나무를 보호합니다. 야생동물보호를 위해 음식물 반입을 금지합니다. 야영 취사행위 및 불을 피우지 않습니다. 애완동물은 생태계 보전과 대중의 이용에 불편함이 없도록 출입을 자제하여 주시기 바랍니다. 음주/가무/소란행위를 하지 않습니다. 쓰레기는 되가져 가시기 바랍니다. ,강동구,서울특별시 강동구 둔촌동 산94,강동구청 푸른도시과,02-3425-6447,http://parks.seoul.go.kr/file/info/view.do?fIdx=1917,127.1533951,37.5372715,48.4878175523546,35.74141693115234,65.68893432617188,29.94751739501954,0.2994751739501954,3.2964802030552585e-07,0.24711468961139957,0.24711468961139962,0.17298038162238583,easy
GTX연신849광장(구 물빛공원),2001.10.31 ,4800.0,"야외무대, 미디어월, 음수대 등","소나무 10주, 배롱나무 3주, 청단풍 11주, 상록 관목류 340주, 낙엽 관목류 2,115주, 지피(초화류) 8,720주, 사초류 1,180주",이용시 참고사항 공원을 깨끗하게 이용합시다. 기념물 시설물 풀과 나무를 보호합니다. 음주/가무/소란행위를 하지 않습니다. 쓰레기는 되가져 가시기 바랍니다. ,은평구,서울특별시 은평구 통일로 849,은평구청 공원녹지과,02-351-8014,,126.9207354,37.619052,25.647086249457463,24.21528053283691,27.51430511474609,3.29902458190918,0.0329902458190917,6.197791398911015e-08,0.020649538217017982,0.020649538217017906,0.014454695345286761,easy
숭인근린공원,1940.3.12 ,45615.0,,,,종로구,서울특별시 종로구 숭인동 58,종로구청 도시녹지과,02-2148-2843,http://parks.seoul.go.kr/file/info/view.do?fIdx=1740,127.0178267,37.5764419,51.75968827141656,29.8875904083252,74.23820495605469,44.35061454772949,0.4435061454772949,5.897535366608254e-07,0.3695155923608311,0.3695155923608311,0.25866109157864275,medium
서일대뒷산공원,1992.8.15 ,631021.0,순국선열 추념탑 348㎡ 높이 22.3m ,소나무 느티나무 외 66종 109770주,,중랑구,서울특별시 중랑구 면목동 산19,중랑구청 공원녹지과,02-2094-2363,http://parks.seoul.go.kr/file/info/view.do?fIdx=1741,127.0987817,37.5877155,50.21961975097656,38.02001953125,68.03817749023438,30.01815795898437,0.3001815795898437,8.159593452519166e-06,0.24771500971674568,0.24771500971674568,0.17340295467975775,easy
용마도시자연공원(사가정공원),2005.4.13 ,109635.0,피크닉장 놀이터 체력단련장 체육관  ,,,중랑구,서울특별시 중랑구 면목7동 산50 ,중랑구청 공원녹지과,02-2094-2993,http://parks.seoul.go.kr/file/info/view.do?fIdx=1947,127.095997,37.5797622,70.5824351840549,43.16091918945312,104.8336715698242,61.67275238037109,0.6167275238037109,1.4175912277901458e-06,0.5167231884622354,0.5167231884622354,0.36170665720093315,medium
문화비축기지,2017.9.1,140022.0,6개의탱크와 문화마당 녹지,, ? 일반사항  - 공원은 연중무휴이나 전시관은 월요일 휴관입니다.   - 공원을 깨끗하게 이용해 주시기 바랍니다.  - 대중교통을 이용해 주시기 바랍니다.   - 기념물 시설물 풀과 나무를 보호합니다.  - 야생동물보호를 위해 음식물 반입을 금지합니다.   - 야영 취사행위 및 불을 피우지 않습니다.  - 음주/가무/소란행위를 하지 않습니다.  - 쓰레기는 되가져 가시기 바랍니다.,마포구,서울특별시 마포구 증산로 87,서부공원여가센터 문화비축기지,02-376-8410,http://parks.seoul.go.kr/file/info/view.do?fIdx=1945,126.8932455,37.57171848,44.93560875786675,15.14280128479004,81.14942169189453,66.00662040710449,0.6600662040710449,1.8105231853088377e-06,0.5535534169363423,0.5535534169363423,0.3874879350123952,medium
경춘선숲길,,211392.0,조경시설 : 텃밭 잔디광장 철길 산책로 등 건축시설 : 무궁화호 객차(방문자센터) 기타시설 : 경춘철교 ,,○ 6.3km   (시 작 점 : 육사삼거리   중간지점 : 화랑대사거리 → 화랑대역 → 과기대 고가철교 → 방문자센터)  종 점 : 경춘철교)      ※ 1. 행복주택 지역은 현재 공사중으로 이용 불가  2. 과기대 고가철교 미개통(행복주택 준공 후 개방 예정)  3. 3단계 구간(3km) 공사중 (‘17.10월 완료 예정)으로   현재 이용 가능한 길이는 3.3km     ○ 소요시간 : 1시간 30분 ,,노원구 공릉2동 산 82-2,북부공원여가센터,02-3783-5977,http://parks.seoul.go.kr/file/info/view.do?fIdx=1906,127.076482,37.627077,26.02029652065701,22.38722991943359,29.31038475036621,6.923154830932621,0.0692315483093262,2.7334031605650014e-06,0.051448248345729995,0.051448248345729995,0.03601459386295917,easy
율현공원,2016.11.1,157535.0,기반시설 : 잔디광장 조경시설 : 정자 조형쉼터 조형파고라 수경시설  운동시설 : 게이트볼장 다목적구장 체력단련시설  편익시설 : 화장실 음수대 근로자대기실  유희시설 : 어린이놀이터(2개) ,수목 : 소나무 이팝나무 등  110종  143069주 초화 : 맥문동 벌개미취 등  33종  286024본,공원 인근에 서울공항 활주로가 위치하고 있어 공원 내에서 드론을 날리거나 헬륨가스 등이 들어간 풍선은 절대 이용해서는 안됩니다.  ,강남구,서울특별시 강남구 밤고개로24길 91(율현동 56),동부공원여가센터 조경지원과,02-459-9451~2,http://parks.seoul.go.kr/file/info/view.do?fIdx=1738,127.115594,37.472332,19.83769660525852,15.04784297943115,22.5614013671875,7.513558387756349,0.0751355838775635,2.0369824399909338e-06,0.05646563645160019,0.056465636451600194,0.03952655661085214,easy
서울식물원,2019.5.1.,505350.9,"열린숲 : 진입광장, 둘레숲, 숲문화학교, 잔디마당, LG아트센터, 방문자센터, 햇살정원, 목본류전시장 ","보유식물 : 5,706종 2,152천주(본) - 목본류 : 1,898종 603천주, 지피초화류 : 3,808종 1,550천본","일반사항 공원을 깨끗하게 이용합니다. 대중교통을 이용해 주세요. 기념물 시설물 풀과 나무를 보호합니다. 반려동물 동반 시 목줄 착용 및 배변 수거하여 주세요 . 야영 취사행위 및 불을 피우지 않습니다. 행상 또는 노점에 의한 상행위를 하지 않습니다. 이륜 이상의 바퀴가 있는 동력장치 출입을 제한합니다(장애인 또는 노약자 제외) 무단 경작 및 무단 채취를 하지 않습니다. 음주/가무/흡연/소란행위를 하지 않습니다. 쓰레기는 되가져 가시기 바랍니다.  온실 및 주제정원 금지사항 : 식물 및 토석 채칩및 채취, 식재구역 및 관람동선 외 지역 출입, 카메라 삼각대 반입(온실), 음식물 반입 및 섭취, 반려동물 출입(안내견 제외)",강서구,서울특별시 강서구 마곡동로 161 서울식물원,서울식물원,02-2104-9716,https://botanicpark.seoul.go.kr/front/main.do,126.83483,37.569781,7.773464732699924,5.396810054779053,9.585068702697754,4.188258647918701,0.041882586479187,6.534563064703002e-06,0.028206458182293233,0.028206458182293236,0.019746481096524673,easy
